,author,exp_code,type,exp_date,measurement_date,measurement_time,sample,flowrate,T,pH,TKIFKI,TTMHPRL,AVNIPFKVHLRCKAAFC,SSVRWWSDDEWRW,CCFSWRCRC,CCF(pS)WRCRC,IYPFVEPI,1021,1043p4,1043p5,1054,1179,1201,259,262,281,284,296,300,301,323,345,361,383,395,401,415,425,426,435,436,439,447,459,461,470,481,482,497,498,508,510,513,517,519p3,519p7,524,533,535,541,546,550,557,566,568,572p1,572p3,590,594,608,617,617p7,626,628,630,639,644p7,644p9,648,650,663,666,668,670,674,688,699,710,730,732,759,764,766,770,780,781,808,812,830,834,838,841,844,852,855,866,874,909,912,923,928,950,960,961,972,980,994,999
0,Souvik,RC020,flow,,,6800.0,1,400,25.0,6.0,160,160,70,70,45.06664924,45.06664924,45.06664924,0.0013043577652267,0.0007288224591303,0.0,0.0,0.0,0.0,0.0,0.0023214642639102,0.0015988920704913,0.0092274214957324,0.0,0.0,0.0,9.404237244605132e-07,0.0,0.0,0.0,0.0,0.0,0.0,0.0,0.0058213619139083,0.0,0.0004912809195209,0.0012459170725917,0.0,0.0,0.0001712168179414,0.0,0.0,0.0,0.0,0.0,0.0,8.259449265312742e-06,0.0006373528278162,0.0,1.042853227696873e-05,0.0,0.0029850236160037,0.0,0.0002101512211964,0.0001201990870434,0.0037088304915205,0.0,2.2183773120741235e-05,0.0,0.0026564747164354,0.0,0.0,0.0011123099803939,0.0,0.0,0.0,0.0,1.5646343694353996e-06,0.0,0.0,0.0,0.0005510520239591,0.0,0.0004625128990693,0.0,0.0,0.002162395246458,0.0,0.0004632340706351,0.0,0.001621756391596,0.0,0.001303322614696,0.0,0.0001969868378034,0.0,0.0,0.0,0.0,0.0,0.0,0.001249991660015,0.0,0.0006909418393967,0.0,0.0,0.0,0.0,0.0002105363589681,0.0012479961405474,0.0,0.0004787087693279,0.0005863766774949,2.4490662488050984e-06,0.0,0.0007606398094176,0.0004122406922681,0.0,0.0,5.8799884204486976e-05,0.0,2.3679015661143496e-05,0.000580449915943
1,Souvik,RC020,flow,,,11300.0,1,400,25.0,6.0,160,160,70,70,72.5521039,72.5521039,72.5521039,0.0019481725032442,0.0011882266436029,0.0,7.780218635768227e-07,0.0,0.0,0.0,0.0021975288966961,0.0007833096707679,0.0085817870898538,0.0,0.0,0.0,0.0,0.0,0.0,0.0,0.0,0.0,0.0,0.0,0.0053404159258867,0.0,0.0004947653361523,0.0010745295496162,0.0,0.0,0.0001186038406364,0.0,0.0,0.0,0.0,0.0,0.0,9.296229580711516e-07,0.0005042128978417,0.0,1.8688368604401943e-05,0.0,0.0027363333214434,0.0,3.638200305671296e-05,0.0001803318705281,0.0034106452195732,0.0,0.0,0.0,0.0024570628345111,0.0,0.0,0.0010280832924157,0.0,0.0,0.0,0.0,0.0,0.0,0.0,0.0,0.000170880623866,0.0,0.0004446436196625,0.0,8.163574448284096e-07,0.0019518794246991,0.0,0.0004688809407293,0.0,0.0014535996541669,0.0,0.0011744686285831,0.0,0.0001892610895819,0.0,0.0,0.0,0.0,0.0,0.0,0.0012153707331138,0.0,0.0006284315914914,7.794612539644555e-07,0.0,0.0,0.0,0.0001293494268134,0.0011733503220422,0.0,0.0004975121297011,0.0006357383953833,0.0,0.0,0.0007157523687401,0.0003417595164364,0.0,0.0,5.688753323128171e-05,0.0,2.1089984313021974e-05,0.000843847865346
2,Souvik,RC020,flow,,,15800.0,1,400,25.0,6.0,160,160,70,70,38.10258984,38.10258984,38.10258984,0.0012494799553832,0.0006974496299923,0.0,0.0,0.0,0.0,0.0,0.0022753040962716,0.0012518657461431,0.0090197785340566,0.0,2.020453285754093e-06,0.0,0.0,0.0,0.0,0.0,0.0,0.0,0.0,0.0,0.0057351465434938,0.0,4.570539914383356e-05,0.0012024760230142,0.0,0.0,0.0001119636298398,0.0,0.0,0.0,0.0,0.0,0.0,4.955912340327255e-06,0.0006695411845485,0.0,5.990185290911129e-06,0.0,0.0030031512992968,0.0,0.0001755405494602,0.0001418722920708,0.0038136017802587,0.0,9.39862174558811e-06,0.0,0.0027393815540405,0.0,0.0,0.0011535785785034,0.0,0.0,0.0,0.0,0.0,0.0,0.0,0.0,0.0005426322452052,0.0,0.00010102604794,0.0,0.0,0.0022006380478588,0.0,9.497442387563452e-05,0.0,0.001619348345508,0.0,0.001320956236076,0.0,0.0002218129763073,0.0,0.0,0.0,8.946799692079407e-07,0.0,0.0,0.0013337300142036,0.0,0.0007105373777309,0.0,0.0,0.0,0.0,0.0002154241032802,0.0013175526392891,0.0,0.0004708959607399,0.0006663087343994,1.6157327013056592e-06,0.0,0.0007515710303852,0.0004478139899043,0.0,0.0,5.9749166126016365e-05,0.0,1.0591368554225808e-05,0.0005221420561299
3,Souvik,RC020,flow,,,20300.0,1,400,25.0,6.0,160,160,70,70,22.78120071,22.78120071,22.78120071,0.0007923419109862,0.0001899875167213,0.0,8.990315632001209e-07,0.0,0.0,0.0,0.0023348952419415,0.0020335399228195,0.0095696446247787,0.0,6.583696094434324e-06,0.0,0.0,0.0,0.0,0.0,0.0,0.0,0.0,0.0,0.0061982144970019,0.0,8.99426641478888e-07,0.0012890759398124,0.0,0.0,0.0001245911351707,0.0,0.0,0.0,0.0,0.0,0.0,1.2591710778899676e-05,0.0007523052824979,0.0,9.51869938054464e-06,0.0,0.0031421041691662,0.0,0.0004800382076071,0.000116597158892,0.0040345632495967,0.0,9.667767774773132e-05,0.0,0.002904580222673,0.0,0.0,0.0012670620266339,0.0,0.0,0.0,0.0,0.0,0.0,0.0,0.0,0.0010264565658303,0.0,9.045074076215318e-06,0.0,0.0,0.0023633175222321,0.0,1.2178377271078763e-05,0.0,0.0017103442740549,8.006770599700694e-07,0.0013993378695162,0.0,0.0002883740273359,0.0,0.0,0.0,0.0,0.0,0.0,0.0013887848340373,0.0,0.0007553556261761,0.0,8.020843738313896e-07,0.0,0.0,0.0002974789362127,0.0012953693327831,0.0,0.0004812508510756,0.0006661067933486,8.662859504477729e-07,0.0,0.0008017690086679,0.0004781948678665,0.0,8.429529471723889e-07,8.952780640278431e-05,0.0,1.931529436970927e-05,8.397172846803966e-05
4,Souvik,RC020,flow,,,24800.0,1,400,25.0,6.0,160,160,70,70,63.63960516,63.63960516,63.63960516,0.0017272474585716,0.0010257794904879,0.0,1.678117320818318e-06,0.0,0.0,0.0,0.0022233234705,0.0007978737362922,0.0083021124230544,0.0,0.0,0.0,0.0,0.0,0.0,0.0,0.0,0.0,0.0,0.0,0.005159641653036,0.0,0.0002937133974829,0.0010260405042654,0.0,0.0,8.50566325844656e-05,0.0,0.0,0.0,0.0,0.0,0.0,2.379063303679038e-06,0.0005500331816539,0.0,2.155817976886629e-05,0.0,0.0027221359829518,0.0,4.380391378559417e-05,0.0002442671475476,0.0034115337485678,0.0,8.191948176390632e-07,0.0,0.0023763187435954,0.0,0.0,0.0009966800579294,0.0,0.0,0.0,0.0,0.0,0.0,0.0,0.0,0.0002032175549107,0.0,0.0002656813622034,0.0,0.0,0.0019613230023306,0.0,0.0003369858050145,0.0,0.0014216480552544,0.0,0.0011642850253731,0.0,0.0001917073563538,0.0,0.0,0.0,0.0,0.0,0.0,0.0012027014573318,0.0,0.0006248088932123,7.506094906171841e-07,0.0,0.0,0.0,0.0001927681590711,0.0011733067076119,0.0,0.00051205174014,0.0006465585089612,7.705597517031373e-07,0.0,0.0007021454262454,0.0003338415466438,0.0,0.0,4.492701833718688e-05,0.0,2.29074883691847e-05,0.0007765865782001
5,Souvik,RC020,flow,,,29300.0,1,400,25.0,6.0,160,160,70,70,40.76184446,40.76184446,40.76184446,0.0012804866694926,0.000739255690688,0.0,8.369900649279293e-07,0.0,0.0,0.0,0.0023618831520345,0.0011688728575617,0.0090212120425096,0.0,0.0,0.0,0.0,0.0,0.0,0.0,0.0,0.0,0.0,0.0,0.0056612311763571,0.0,0.0001164525503862,0.0011643652626637,0.0,0.0,9.470491154474688e-05,0.0,0.0,0.0,0.0,0.0,0.0,2.4283208916025896e-06,0.0006685686311654,0.0,2.28494192866892e-05,0.0,0.0029143787119729,0.0,0.000166687466263,0.0001457310513978,0.003700094561379,0.0,3.974188920934917e-06,0.0,0.0025963264511534,0.0,0.0,0.0011130323363125,0.0,0.0,0.0,0.0,0.0,0.0,0.0,0.0,0.0005410598732758,0.0,0.0001233042852702,0.0,0.0,0.0021379904837038,0.0,0.0001108588338141,0.0,0.0015653694416865,0.0,0.0012574941608526,0.0,0.0002143814136494,8.971767753380758e-07,0.0,0.0,7.831822863405473e-07,0.0,0.0,0.0012708318277506,0.0,0.0006824152461629,0.0,0.0,0.0,0.0,0.0002070826262838,0.0012737555135341,0.0,0.000484452693234,0.0006477715980566,1.602766543544786e-06,0.0,0.0007438484506806,0.0004520840380891,0.0,0.0,3.525127263392048e-05,0.0,2.0557673953893917e-05,0.0005771646543759
6,Souvik,RC020,flow,,,33800.0,1,400,25.0,6.0,160,160,70,70,17.60207693,17.60207693,17.60207693,0.000634848413916,5.7896631060461946e-05,0.0,9.203405672962056e-07,0.0,0.0,0.0,0.0023820073172359,0.002255082014774,0.0095629574406017,0.0,6.324787947843351e-06,0.0,0.0,0.0,0.0,0.0,0.0,0.0,0.0,0.0,0.0060813965038243,0.0,7.349940820304085e-07,0.0013183447906898,0.0,0.0,0.0001631852108915,0.0,0.0,0.0,0.0,0.0,0.0,2.195100833096149e-05,0.0007292471781594,0.0,1.7582692689873592e-05,0.0,0.0030120736143167,0.0,0.0004418579475978,0.0001556935711685,0.0039721268798222,0.0,5.08662372577257e-05,0.0,0.0028426765938902,0.0,0.0,0.001213400323573,0.0,0.0,0.0,0.0,0.0,0.0,0.0,0.0,0.001095132279528,0.0,1.5586617343807215e-06,0.0,0.0,0.0022537481862002,0.0,7.95677721270554e-07,0.0,0.0017281959402611,0.0,0.0013934005328768,0.0,0.0002470816223071,0.0,0.0,0.0,0.0,0.0,0.0,0.0013117983096764,0.0,0.000733678940977,0.0,0.0,0.0,0.0,0.0003090631020869,0.0013127817799537,0.0,0.0004364627484195,0.0006063670547176,2.259343712049656e-06,0.0,0.0007891795667981,0.0004765281530205,0.0,7.985298497622429e-07,9.942696590392848e-05,0.0,1.9488862903328964e-05,2.3693667099539984e-05
7,Souvik,RC020,flow,,,38300.0,1,400,25.0,6.0,160,160,70,70,27.91976186,27.91976186,27.91976186,0.0009335549284735,0.0004667290829962,0.0,8.568544849065904e-07,0.0,0.0,0.0,0.0023535936512601,0.0015118361241316,0.0092518465768914,0.0,2.4656405247957563e-06,0.0,0.0,0.0,0.0,0.0,0.0,0.0,0.0,0.0,0.0057248224317632,0.0,6.759484137755989e-06,0.0012410059858151,0.0,0.0,0.0001460131257552,0.0,0.0,0.0,0.0,0.0,0.0,1.2736527060684123e-05,0.0007293864846385,0.0,3.408237893719886e-05,0.0,0.0029647301953162,0.0,0.0002970213311989,0.0002042934298453,0.0036971054922893,0.0,3.386464998028964e-05,0.0,0.0026894171413077,0.0,0.0,0.0011682190911852,0.0,0.0,0.0,0.0,0.0,0.0,0.0,0.0,0.0006896688739261,0.0,2.0689003671125e-05,0.0,0.0,0.0021533363542469,0.0,1.453068574439967e-05,0.0,0.0015802744959981,0.0,0.0012687424580717,0.0,0.0002066343217685,0.0,0.0,0.0,0.0,0.0,0.0,0.0012705252382843,0.0,0.0007091667390551,0.0,0.0,0.0,0.0,0.000272762514195,0.0012337627604363,0.0,0.0004533911503177,0.0006351368555494,1.4655913241602513e-06,0.0,0.0007540138559119,0.0004436966822311,0.0,1.4941627175042417e-06,7.45724816076184e-05,0.0,2.619146136646221e-05,0.00032948176985
8,Souvik,RC020,flow,,,42800.0,1,400,25.0,6.0,160,160,70,70,62.28399155,62.28399155,62.28399155,0.0016706584459733,0.0010343755141367,0.0,0.0,0.0,0.0,0.0,0.0022489767269071,0.0008305251440902,0.0084085187151203,0.0,0.0,0.0,0.0,0.0,0.0,0.0,0.0,0.0,0.0,0.0,0.0051204443308141,0.0,0.000344102262241,0.0010322706586397,0.0,0.0,9.679984935449444e-05,0.0,0.0,0.0,0.0,0.0,0.0,8.38934102751089e-07,0.0005443496247784,0.0,3.918554347991055e-05,0.0,0.0027510088369273,0.0,5.2928866060028406e-05,0.0001839734679602,0.003320475463758,0.0,7.526951367344436e-07,0.0,0.0023213194708006,0.0,0.0,0.0009973118012923,0.0,0.0,0.0,0.0,7.455626403157113e-07,0.0,0.0,0.0,0.0002269618283426,0.0,0.0002930142191805,0.0,0.0,0.0019174787946687,0.0,0.0004037218908853,0.0,0.0014009248039691,0.0,0.0011448037336309,0.0,0.0001810647210834,7.840484325315133e-07,0.0,0.0,0.0,0.0,0.0,0.0011742254858742,0.0,0.0006196350869293,0.0,0.0,0.0,0.0,0.000190629204129,0.0011776099888185,0.0,0.0005022739275866,0.0006169730531272,0.0,7.794066290145452e-07,0.0007129376722922,0.0003622911745348,0.0,7.980298100503281e-07,3.901934699537365e-05,0.0,1.4843581753065427e-05,0.0007518346422605
9,Souvik,RC020,flow,,,47300.0,1,400,25.0,6.0,160,160,70,70,52.94592827,52.94592827,52.94592827,0.0015104922897169,0.0009050833253071,0.0,0.0,0.0,0.0,0.0,0.0022646117770045,0.0008990567579707,0.0085692501318038,0.0,0.0,0.0,0.0,0.0,0.0,0.0,0.0,0.0,0.0,0.0,0.0052097627128756,0.0,0.0003183331772172,0.0010707484622127,0.0,0.0,7.388884727204972e-05,0.0,0.0,0.0,0.0,0.0,0.0,3.446304643345573e-06,0.0005025965346864,0.0,1.855844012467432e-05,0.0,0.002808355342792,0.0,5.6519302893848246e-05,0.0001525224214812,0.0034101380415113,0.0,1.575872047382432e-06,0.0,0.0023671777820429,0.0,0.0,0.0010532206172797,0.0,0.0,0.0,0.0,0.0,0.0,0.0,0.0,0.0002777532654805,0.0,0.0003324842419053,0.0,0.0,0.0019706541472605,0.0,0.0003512838774766,0.0,0.0014512686679957,0.0,0.0011725986258218,0.0,0.0001933749413325,0.0,0.0,0.0,0.0,0.0,0.0,0.0012066472838212,0.0,0.0006502734878351,7.45538369483027e-07,0.0,0.0,0.0,0.000177931368821,0.0011712375096933,0.0,0.0004749843756054,0.0005369330478319,8.097942442116471e-07,0.0,0.0007310141887102,0.0003765315380376,0.0,0.0,5.567070969029833e-05,0.0,1.356720814176695e-05,0.0006815251956721
10,Souvik,RC021,flow,,,5200.0,1,400,25.0,6.5,160,160,70,70,61.3510189,61.3510189,61.3510189,0.000999115075775,0.00076170638042,0.0,0.0,1.5107009258665031e-06,0.0,0.0,0.0011977335055432,0.0009389462628608,0.0053217409717228,1.2622789905742732e-05,0.0005861720534244,0.0,3.0764087798443075e-05,0.0,0.0,6.520217277892786e-06,0.0,0.0,1.6822099083024383e-06,0.0,0.004564838282363,0.0,0.0010567151820808,0.0007571399476071,0.0,0.0,0.0004885006360677,0.0,0.0,0.0,0.0,0.0,0.0,4.851742424236802e-07,7.795066145882093e-05,0.0,0.0003049264547483,1.0679666137962011e-06,0.0016621798662195,0.0003774939803029,0.0003448404256571,0.00068714395672,0.003018485485244,0.0,0.0004260593118361,0.0,0.0030176892403611,0.0,0.0,0.0019356450910732,0.0,0.0,0.0,0.0,2.554620426929805e-06,0.0,0.0001085981620479,0.0,0.0007091536591121,0.0,0.0006389336405759,4.924621511230007e-07,4.151763774656319e-06,0.0013746135531961,0.0,0.0008473761448784,0.0,0.0017041503039891,0.0,0.0017781906078703,0.0,0.0005402969621855,0.000377690394546,0.0001727597511113,0.0,0.0,0.0,0.0,0.0009732865576194,0.0,0.0009130984846212,3.7128907160229705e-06,0.0,0.0,0.0,0.0005911833693615,0.0007114927718084,0.0,1.7724536594486928e-05,0.0007578036890461,0.0,0.0,0.0004771109186135,0.0005243936118861,1.0635402073827226e-06,0.0,0.0003354852301835,0.0,2.76167429859714e-05,0.0002881643147221
11,Souvik,RC021,flow,,,9400.0,1,400,25.0,6.5,160,160,70,70,74.34732147,74.34732147,74.34732147,0.0013021838624022,0.0010382531467362,0.0,0.0,1.180671834968473e-06,0.0,0.0,0.0013165768719836,0.0008064817664202,0.0056639014247469,1.1943417216107338e-06,0.0006485010610207,0.0,0.0,0.0,0.0,5.979016815561969e-07,0.0,0.0,0.0,0.0,0.0048557358621826,0.0,0.0009187849534493,0.0008279840502329,0.0,0.0,0.0005847943053486,5.757190438740188e-07,0.0,0.0,0.0,0.0,0.0,0.0,6.396698333758554e-05,0.0,0.0003651645655926,1.780641747763961e-06,0.001850367261011,9.674555853019694e-05,0.0001177260401737,0.0007799752104153,0.0032630173840458,0.0,0.0003065509520151,0.0,0.0031914249737576,0.0,0.0,0.0020667247163506,0.0,0.0,0.0,0.0,0.0,0.0,2.9324319678754192e-06,0.0,0.0008352274926448,0.0,0.000583766359556,0.0,4.266594676513434e-06,0.0015500748928891,0.0,0.0007507018885104,5.581984893895379e-07,0.0019082831924224,0.0,0.001937995861768,0.0,0.0005891758701007,0.0004338471932665,4.945872818229784e-05,0.0,0.0,0.0,0.0,0.0011015162844276,0.0,0.0010176190785623,1.7621766401481965e-06,0.0,5.5844931764474e-07,0.0,0.0006426885530299,0.0008294396301712,0.0,9.531504836746575e-06,0.000908160979429,0.0,0.0,0.0005750136823228,0.0005932351394697,0.0,0.0,0.0003476438088306,0.0,1.563658898577669e-05,0.0004069632765376
12,Souvik,RC021,flow,,,13600.0,1,400,25.0,6.5,160,160,70,70,15.81690142,15.81690142,15.81690142,0.0004101657264853,0.0002742323148356,0.0,0.0,0.0,0.0,1.9794733043532847e-05,0.0013369592812223,0.0023613490363635,0.0060431078180062,2.80738337315684e-05,0.0006340667842438,0.0,0.0,0.0,0.0,0.0,0.0,0.0,0.0,0.0,0.005322730281808,0.0,8.819999974609713e-05,0.0009809714870477,0.0,0.0,0.0005924220956323,0.0,0.0,0.0,0.0,0.0,0.0,3.71046084743903e-06,0.0003235215265054,0.0,0.000288804195349,1.9275620567333856e-05,0.0020041235467167,0.0001341048928612,0.000453569009295,0.0006311615642613,0.003549897527559,0.0,0.0004642692480577,0.0,0.0035060020366295,0.0,0.0,0.0022600109810073,0.0,0.0,0.0,0.0,0.0,4.820670822482458e-07,1.992207495019095e-05,0.0,0.0008591725217424,0.0,7.731029352487173e-05,0.0,4.918122831533044e-07,0.0016785808284199,0.0,7.292159326846636e-05,0.0,0.0020516938781285,4.680013013316186e-07,0.0021188293868017,0.0,0.0006255914391166,0.0004037561914213,0.0001149286252365,0.0,0.0,0.0,0.0,0.0011784982567606,0.0,0.0010622227695103,0.0,0.0,1.4738918159390722e-06,0.0,0.0006908548454294,0.0008503113638883,0.0,4.963037020652809e-05,0.0008777434168693,0.0,0.0,0.0005429956866684,0.0006418973532741,0.0,0.0,0.0004136381915412,0.0,5.28097937217898e-05,4.489152042963975e-06
13,Souvik,RC021,flow,,,17800.0,1,400,25.0,6.5,160,160,70,70,36.39253888,36.39253888,36.39253888,0.0007660155768588,0.0005713125463402,0.0,0.0,5.582325689614575e-07,0.0,0.0,0.0013672126862281,0.0014089618220798,0.0059929011083166,1.2253544834018124e-05,0.00065394314944,0.0,0.0,0.0,0.0,0.0,0.0,0.0,0.0,0.0,0.0052163772744802,0.0,0.0004408602032308,0.0009133197901035,0.0,0.0,0.0006004229823668,0.0,0.0,0.0,0.0,0.0,0.0,0.0,0.0002119007121066,0.0,0.0002913373419277,5.198161393870671e-06,0.0019940971477953,9.70866598112243e-05,0.0003679081304812,0.0007006082522746,0.0034857111189231,0.0,0.0004162212485713,0.0,0.0034316701549036,0.0,0.0,0.0022348439594091,0.0,0.0,0.0,0.0,0.0,0.0,1.759044509558584e-06,0.0,0.000853855224275,0.0,0.0003095265741335,0.0,2.8186428684053998e-06,0.0016744308276723,0.0,0.0003965499374251,0.0,0.0020405157196215,0.0,0.0020690868650078,0.0,0.0006055862405792,0.000404155378037,6.207162692230846e-05,0.0,0.0,0.0,0.0,0.0011788222878594,0.0,0.0010698056119754,0.0,0.0,0.0,0.0,0.0006750932487235,0.0008631037508687,0.0,2.212522201050504e-05,0.000920559699835,0.0,0.0,0.0005513430143759,0.0006250920444065,0.0,0.0,0.0003896819181562,0.0,2.9961174489355863e-05,9.876618676363324e-05
14,Souvik,RC021,flow,,,22000.0,1,400,25.0,6.5,160,160,70,70,51.13653648,51.13653648,51.13653648,0.0009941775478644,0.0007564096475494,0.0,0.0,1.1812947842310894e-06,0.0,0.0,0.0013138853660111,0.0010442105182627,0.0058359859482246,2.905617370349024e-06,0.0006386118605194,0.0,0.0,0.0,0.0,0.0,0.0,0.0,0.0,0.0,0.0050141055817667,0.0,0.000613149608948,0.0008354779254118,0.0,0.0,0.0005479287452735,0.0,0.0,0.0,0.0,0.0,0.0,0.0,0.0001566627637832,0.0,0.0003661553713738,0.0,0.0019535608213162,7.114855866507277e-05,0.0002543340575616,0.0007343758608721,0.003425046250767,0.0,0.000323983617789,0.0,0.0033720976906964,0.0,0.0,0.0021489378300024,0.0,0.0,0.0,0.0,0.0,0.0,7.14786617630031e-06,0.0,0.0008565708275821,0.0,0.000437218702316,0.0,2.9156888110547984e-06,0.0016180991536841,0.0,0.0005320030504289,5.446458847849326e-07,0.0019905845883873,0.0,0.0020633539409199,0.0,0.0005970785493154,0.0004158850507268,6.296873930220375e-05,0.0,0.0,0.0,0.0,0.0011461827019919,0.0,0.0010744281572335,0.0,0.0,0.0,0.0,0.0006534682354024,0.0008373123727226,0.0,1.7092511363010965e-05,0.0009496485568991,0.0,0.0,0.0005490843792241,0.0006368558077438,0.0,0.0,0.0003880214963514,0.0,2.3256010496158364e-05,0.0002518835588409
15,Souvik,RC021,flow,,,26200.0,1,400,25.0,6.5,160,160,70,70,41.71142276,41.71142276,41.71142276,0.0008499428560258,0.0006422900754168,0.0,0.0,6.138047981340747e-07,0.0,0.0,0.001358812990602,0.0012039407973201,0.0059682336301875,2.85339498696493e-06,0.0006385810737446,0.0,0.0,0.0,0.0,0.0,0.0,0.0,0.0,0.0,0.0051328775829945,0.0,0.0005169823952754,0.0009108887541106,0.0,0.0,0.0005845529725516,0.0,0.0,0.0,0.0,0.0,0.0,0.0,0.0001953365981387,0.0,0.000325573636454,4.154460231330485e-06,0.0019529054964678,7.438143094070667e-05,0.0002967437359867,0.0007325522087665,0.0034545466553404,0.0,0.000346578614441,0.0,0.0034647840081868,0.0,0.0,0.0021867740194503,0.0,0.0,0.0,0.0,0.0,0.0,5.544816878618581e-07,0.0,0.0008798197296027,0.0,0.0003399872636518,0.0,2.2212518733311014e-06,0.0016386716739634,0.0,0.0004470970809208,0.0,0.0020367853005344,5.713037138930964e-07,0.0020774485126115,0.0,0.000596893040066,0.0003999550889771,6.33706198357907e-05,0.0,0.0,0.0,0.0,0.0011862912912608,0.0,0.0010683523062848,0.0,0.0,5.827980700007309e-07,0.0,0.000649943488524,0.0008594301988631,0.0,1.928195217847832e-05,0.0009517563549116,0.0,0.0,0.0005495557719535,0.000633184183538,0.0,6.028488197615836e-07,0.0003978987755756,0.0,2.552807980260937e-05,0.0001406648469193
16,Souvik,RC021,flow,,,30400.0,1,400,25.0,6.5,160,160,70,70,45.77361776,45.77361776,45.77361776,0.0009551499849035,0.0007188271181864,0.0,0.0,1.9468332986620338e-06,0.0,0.0,0.0013758887258354,0.0011168343023902,0.0059973269352993,1.8925874859585092e-06,0.000661666226318,0.0,0.0,0.0,0.0,0.0,0.0,0.0,0.0,0.0,0.0051589400949704,0.0,0.0005435596890683,0.0009002718747197,0.0,0.0,0.0005990820362781,0.0,0.0,0.0,0.0,0.0,0.0,0.0,0.0001703554925972,0.0,0.0003623106016449,3.633625403584884e-06,0.0019666583230403,3.237251585069744e-05,0.0002211585036962,0.0007808145508912,0.0035157203166754,0.0,0.000320204471018,0.0,0.0034479510036977,0.0,0.0,0.0022339988635528,0.0,0.0,0.0,0.0,0.0,6.082632751500987e-07,1.9053134831870008e-06,0.0,0.0008839662148145,0.0,0.0003551585732995,0.0,2.4206139541629464e-06,0.0016476668016081,0.0,0.000451237646818,0.0,0.0020530127192682,0.0,0.0020872121703551,0.0,0.0006058400142244,0.0004215300192762,3.564128910904448e-05,0.0,0.0,0.0,0.0,0.0011589601419863,0.0,0.0010454273939852,0.0,0.0,0.0,0.0,0.0006530047129812,0.0008848011259127,0.0,9.800599231321663e-06,0.0009642757744107,0.0,0.0,0.0005583685248866,0.000622302886046,0.0,0.0,0.0003924345968858,0.0,1.2748381448203751e-05,0.000198665300897
17,Souvik,RC021,flow,,,34600.0,1,400,25.0,6.5,160,160,70,70,68.44358488,68.44358488,68.44358488,0.0012990024156663,0.0010174711539381,0.0,0.0,0.0,0.0,0.0,0.0013603781112948,0.0008458274957896,0.0059059913934844,0.0,0.0006806804642294,0.0,0.0,0.0,0.0,0.0,0.0,0.0,0.0,0.0,0.0049493157524572,0.0,0.000731162156309,0.0008417422354163,0.0,0.0,0.000600749389947,0.0,0.0,0.0,0.0,0.0,0.0,0.0,8.585325875323513e-05,0.0,0.0004294958318084,0.0,0.0019256691312839,2.3271102694856157e-05,8.143798239950057e-05,0.0008427653996139,0.0034261258772282,0.0,0.0002125881445395,0.0,0.0033419704483444,0.0,0.0,0.0021244215168032,0.0,0.0,0.0,0.0,0.0,0.0,6.317292279185259e-07,0.0,0.0008658842467766,0.0,0.0004671033277689,0.0,5.131476581445221e-06,0.0016046530900095,0.0,0.0006020498377946,1.8607946105765825e-06,0.0019620011463713,0.0,0.0020397232847015,0.0,0.0005822651143729,0.0004259335808437,5.220356121225406e-06,0.0,0.0,0.0,0.0,0.0011540877963666,0.0,0.0010510684560173,0.0,0.0,1.3376795880409248e-06,0.0,0.0006436460546736,0.0008832394140503,0.0,3.989260538993743e-06,0.000983241986134,0.0,0.0,0.000584883151274,0.0006213856084446,0.0,0.0,0.0003236395143858,0.0,5.114560827694469e-06,0.0003906357921448
18,Souvik,RC021,flow,,,38800.0,1,400,25.0,6.5,160,160,70,70,27.41816182,27.41816182,27.41816182,0.000630567206445,0.0004623092681174,0.0,0.0,0.0,0.0,5.715196956365511e-07,0.001373977367574,0.0016586481303997,0.006245338049511,6.091381906176496e-06,0.0006841353989904,0.0,0.0,0.0,0.0,0.0,0.0,0.0,0.0,0.0,0.0054009043005859,0.0,0.0003027380055683,0.000955263753515,0.0,0.0,0.0005945447387909,0.0,0.0,0.0,0.0,0.0,0.0,1.7874795812157084e-06,0.0002697936448344,0.0,0.0002938656366779,5.825511846243744e-06,0.0020547447508807,7.497737393384298e-05,0.0003802347245036,0.0006906549568066,0.0036545288491341,0.0,0.0004230585051987,0.0,0.0035579185748709,0.0,0.0,0.002272906596441,0.0,0.0,0.0,0.0,0.0,6.354345116829821e-07,1.244442136096144e-06,0.0,0.0009141964916269,0.0,0.0001654551975892,0.0,1.15996080331751e-06,0.0017092678665016,0.0,0.0001800758740126,0.0,0.0021180721543846,5.842175301546176e-07,0.002151905785643,0.0,0.0006252649347728,0.0003560752445087,4.989443561928384e-05,0.0,0.0,0.0,0.0,0.0012025795079141,0.0,0.0011012928313096,0.0,0.0,0.0,0.0,0.0006892106108845,0.0008872628821724,0.0,1.9599192072470267e-05,0.0009243387133403,0.0,0.0,0.000558218250598,0.0006407773308012,0.0,0.0,0.0003745852677893,0.0,2.469183427182515e-05,2.7019182088236287e-05
19,Souvik,RC021,flow,,,43000.0,1,400,25.0,6.5,160,160,70,70,25.21520037,25.21520037,25.21520037,0.0005788100978197,0.0004188052000178,0.0,0.0,5.500142920286794e-07,0.0,5.227102928619044e-07,0.0013982434406613,0.0017906678758222,0.0061418934419342,1.0229505331295056e-05,0.0006585261919937,0.0,0.0,0.0,0.0,0.0,0.0,0.0,0.0,0.0,0.0052958415900271,0.0,0.0002216643732965,0.0009710288602471,0.0,0.0,0.0005695301892733,0.0,0.0,0.0,0.0,0.0,0.0,1.7626437666353628e-06,0.0002911781695686,0.0,0.0002988236274242,4.0404358575100445e-06,0.0020453001140391,7.16449268946837e-05,0.0004191401619246,0.0006750839511277,0.0035949176515465,0.0,0.0004174534664218,0.0,0.0035497886384006,0.0,0.0,0.0022190718796338,0.0,0.0,0.0,0.0,0.0,5.871195612424078e-07,3.3235948515381686e-06,0.0,0.0008871013433342,0.0,0.0001400495616631,0.0,2.1687537634350907e-06,0.0017011295863565,0.0,0.0001671528002347,0.0,0.0020681938046718,0.0,0.0021382373179851,0.0,0.0006099071543128,0.0003980632471809,3.838103158266363e-05,0.0,0.0,0.0,0.0,0.0011917488471876,0.0,0.0010932191996697,0.0,0.0,1.7137958839310194e-06,0.0,0.0006734777016629,0.0008659875260419,5.396530120872331e-07,1.921651954433489e-05,0.0009100629821539,0.0,0.0,0.0005383848760523,0.0006320262573218,0.0,0.0,0.000396211475438,0.0,3.306403827509553e-05,2.9330637063688703e-05
20,Souvik,RC022,flow,,,5000.0,1,400,25.0,7.0,160,160,70,70,58.24056334,58.24056334,58.24056334,0.0005100616830819,0.00039455822073,0.0,0.0,0.0,0.0,0.0,0.0004705410750728,0.0011223325706971,0.003326935847694,6.110558172607965e-05,0.000383554021065,0.0,0.0003642122007871,0.0,0.0,1.325440322070605e-05,0.0,0.0,2.2080611155815662e-06,0.0,0.0028817813310056,0.0,0.0012833046061194,0.0004153751788774,0.0,0.0,0.0002235568743195,1.283452878634947e-06,0.0,0.0,0.0,0.0,0.0,0.0,0.0,0.0,4.306055987796162e-07,0.0,0.0005163363469842,0.0006383925044325,0.0004053993232766,0.0002987014844173,0.0013880482760714,0.0,0.000505381754408,0.0,0.0017844597419377,0.0,0.0,0.0013906067333061,0.0,0.0,0.0,0.0,4.151300368894929e-07,0.0,0.0002031136610726,0.0,1.3694950618769594e-05,0.0,0.0005970863798937,0.0,0.0,0.0004550324649555,0.0,0.001020911901482,0.0,0.0007893963919068,0.0,0.0010212532323618,0.0,0.000379191763615,0.000164577249766,0.0003174867297315,0.0,0.0,0.0,0.0,0.0003262566438472,0.0,0.0004271554147145,3.1861699655100158e-06,0.0,3.9849414807173276e-07,0.0,0.0003645365104542,0.0003892544773873,0.0,8.098559935301728e-07,0.0005199624339588,0.0,0.0,9.034228841408314e-06,5.6095298659376944e-05,0.0,0.0,2.874885145194543e-05,0.0,4.336867036464126e-06,6.944377325801606e-06
21,Souvik,RC022,flow,,,9200.0,1,400,25.0,7.0,160,160,70,70,25.81059103,25.81059103,25.81059103,0.0002853983757211,0.0001906428585311,0.0,0.0,0.0,0.0,3.762785526527688e-07,0.0003666624462357,0.0014789856718072,0.0030207267849981,3.370425813012034e-05,0.0003610975433781,0.0,1.426072177570894e-05,0.0,0.0,0.0,0.0,0.0,0.0,0.0,0.0026530379165693,0.0,0.0003754447807649,0.0005979175748177,0.0,0.0,0.0003314389777496,0.0,0.0,0.0,0.0,0.0,0.0,0.0,1.944653957539128e-06,0.0,0.0001039126999269,4.408608794673914e-07,0.0003989243438222,0.0004585911852239,0.0003077240477474,0.0005507490865337,0.0012041572191675,0.0,0.0003773316159769,0.0,0.0016719739442537,0.0,0.0,0.0013356267934701,0.0,0.0,0.0,0.0,0.0,0.0,2.358210449308125e-06,0.0,2.3630138936087867e-06,0.0,0.0001180583966217,0.0,0.0,0.0003693224775208,0.0,0.000321819452323,0.0,0.0006752188407291,0.0,0.0009072792244507,0.0,0.0003468604857437,0.0002778828380349,0.0001706566779971,0.0,0.0,0.0,0.0,0.0002562136729179,0.0,0.0003544732697785,0.0,0.0,1.1271706925528054e-06,0.0,0.0002980402360084,0.0005143830685828,0.0,1.9314989278644624e-06,0.0008177210456117,0.0,0.0,7.256346546977158e-07,1.57672920223916e-05,0.0,0.0,4.993665082868092e-06,0.0,0.0,7.963610359049307e-07
22,Souvik,RC022,flow,,,13400.0,1,400,25.0,7.0,160,160,70,70,28.30752273,28.30752273,28.30752273,0.0003003865353915,0.0002072200463364,0.0,0.0,0.0,0.0,0.0,0.0003623973885151,0.0014251465001226,0.002920458357404,3.95448518613759e-05,0.0003491195020818,0.0,1.0222173775749856e-05,0.0,0.0,0.0,0.0,0.0,0.0,0.0,0.0025643079271413,0.0,0.0003691471259299,0.0005665697889986,0.0,0.0,0.0003274404302856,0.0,0.0,0.0,0.0,0.0,0.0,0.0,7.962050200322801e-07,0.0,0.0001026942692504,0.0,0.0003845110900862,0.0004542461552505,0.0002938605428262,0.0005251595139261,0.0011585193565408,0.0,0.0003629750305285,0.0,0.0015986677102723,0.0,0.0,0.0012908221718593,0.0,0.0,0.0,0.0,0.0,0.0,3.009811913380347e-06,0.0,3.955908925838812e-07,0.0,0.0001298717550272,0.0,0.0,0.0003519981334904,0.0,0.0003085870854636,0.0,0.0006448315386656,0.0,0.0008936524769758,0.0,0.0003369035325549,0.0002745469493455,0.0001695684376655,0.0,0.0,0.0,0.0,0.0002353609224591,0.0,0.0003443602725018,0.0,0.0,3.909964524403125e-07,0.0,0.0002970204387442,0.0005042964033967,0.0,1.5283088161620006e-06,0.0008200099298394,0.0,0.0,0.0,1.1459595779181386e-05,0.0,0.0,7.348251726437309e-06,0.0,0.0,2.734124917521888e-06
23,Souvik,RC022,flow,,,17600.0,1,400,25.0,7.0,160,160,70,70,42.35145819,42.35145819,42.35145819,0.0004117647609993,0.0003268666444415,0.0,0.0,0.0,0.0,0.0,0.0003759625558078,0.0010627047466059,0.0029390673981637,1.8758713010426104e-05,0.0003556618804381,0.0,3.2431429677815302e-06,0.0,0.0,0.0,0.0,0.0,0.0,0.0,0.0025903280056463,0.0,0.0005415289126692,0.0005631182131144,0.0,0.0,0.0003471117589497,0.0,0.0,0.0,0.0,0.0,0.0,0.0,7.793548187231894e-07,0.0,0.0001411455328469,0.0,0.0003945258338182,0.0004400720938491,0.0002309629796898,0.0005959919928104,0.0011606462279038,0.0,0.0003232191158598,0.0,0.0016125593676392,0.0,0.0,0.00130384680223,0.0,0.0,0.0,0.0,0.0,0.0,1.7274245037036949e-06,0.0,3.736230989199142e-07,0.0,0.0002362380847779,0.0,0.0,0.0003553159154711,0.0,0.0004319961999232,0.0,0.0006670614279396,0.0,0.0008923962344869,0.0,0.0003467236546598,0.0002933526756162,0.0001329371650862,0.0,0.0,0.0,0.0,0.0002296790309162,0.0,0.0003540269761892,0.0,0.0,3.875639672125817e-07,0.0,0.0003020879997975,0.0004999926489247,0.0,3.892492940083869e-07,0.0008351494842113,0.0,0.0,4.41084416544306e-07,1.4378816892276532e-05,0.0,0.0,6.0413575266166524e-06,0.0,3.8727024127942937e-07,4.8091021845783945e-06
24,Souvik,RC022,flow,,,21800.0,1,400,25.0,7.0,160,160,70,70,67.27102531,67.27102531,67.27102531,0.0005900170435935,0.0004812236749,0.0,0.0,0.0,0.0,0.0,0.0003594894013609,0.0007609241931787,0.0028356042790748,9.53089457182532e-06,0.0003464716593299,0.0,0.0,0.0,0.0,0.0,0.0,0.0,0.0,0.0,0.002484899599024,0.0,0.0007938047814254,0.000487094092664,0.0,0.0,0.0003030554385376,0.0,0.0,0.0,0.0,0.0,0.0,0.0,0.0,0.0,0.0002077260828505,0.0,0.0003938236109588,0.0004187621693126,7.56056892219431e-05,0.000682088539481,0.0011136491950649,0.0,0.0002685780818173,0.0,0.0015127591792961,0.0,0.0,0.0012251692119929,0.0,0.0,0.0,0.0,0.0,0.0,0.0,0.0,0.0,0.0,0.0003297289767516,0.0,0.0,0.00035295351334,0.0,0.0006063478019598,0.0,0.0006199024238009,0.0,0.000867577906073,0.0,0.0003154019808364,0.0003231936278349,9.035579718667804e-05,0.0,0.0,0.0,0.0,0.0002117633828109,0.0,0.0003434648799436,0.0,0.0,0.0,0.0,0.000265268208113,0.0004950828103874,0.0,9.106513308549044e-07,0.0008546502316161,0.0,0.0,8.404214566042316e-07,5.054204682687034e-06,0.0,0.0,1.651131028936131e-06,0.0,0.0,8.855783712978153e-06
25,Souvik,RC022,flow,,,26000.0,1,400,25.0,7.0,160,160,70,70,46.86459197,46.86459197,46.86459197,0.0004271477699858,0.0003500102241929,0.0,0.0,0.0,0.0,0.0,0.0003524027419424,0.0009527506029019,0.0027453040037296,1.5039157698727232e-05,0.0003315866082214,0.0,3.2769481948852062e-06,0.0,0.0,0.0,0.0,0.0,0.0,0.0,0.0023609651733727,0.0,0.0005949059591417,0.0005062279385722,0.0,0.0,0.0002504537682806,0.0,0.0,0.0,0.0,0.0,0.0,3.886293476431365e-07,4.016687996788027e-07,0.0,0.0001332026697164,0.0,0.0003639190571626,0.000443963407035,0.000143338118378,0.0005780932010994,0.0010637793485624,0.0,0.0002773485648768,0.0,0.00146648090425,0.0,0.0,0.0011967510935954,0.0,0.0,0.0,0.0,0.0,0.0,0.0,0.0,8.854723154454305e-07,0.0,0.0002454950675407,0.0,0.0,0.0003393478295148,0.0,0.0004617089633217,0.0,0.0006038536848138,0.0,0.000832028747561,0.0,0.0002996145671243,0.0002930497686296,0.0001381293274516,0.0,0.0,0.0,0.0,0.0001819255253388,0.0,0.0003206893625431,0.0,0.0,3.946928303924566e-07,0.0,0.0002803709366798,0.0004910301479345,0.0,1.1790094571022985e-06,0.0008081156178565,0.0,0.0,0.0,5.578470140359492e-06,0.0,0.0,1.6401730559484276e-06,0.0,0.0,4.147098033695724e-06
26,Souvik,RC022,flow,,,30200.0,1,400,25.0,7.0,160,160,70,70,15.35816697,15.35816697,15.35816697,0.0001960144170878,0.0001023323576982,0.0,0.0,0.0,0.0,1.8809434425945548e-06,0.0003785735108207,0.0018683546277782,0.0030220013791872,2.5894155310286523e-05,0.0003699763526552,0.0,3.0818311050419387e-06,0.0,0.0,0.0,0.0,0.0,0.0,0.0,0.0026878527732321,0.0,0.0001621459563293,0.0006740567788207,0.0,0.0,0.0003704178234198,0.0,0.0,0.0,0.0,0.0,0.0,0.0,9.959617391161636e-06,0.0,0.0002661844039316,3.8299294461310685e-07,0.0004008915681097,0.0003486640268396,0.0002904218202722,0.0007400358606439,0.0012031665078271,0.0,0.0003476982699349,0.0,0.0016503712082905,0.0,0.0,0.0013024336778787,0.0,0.0,0.0,0.0,0.0,0.0,3.696932651154924e-07,0.0,3.599945496825179e-07,0.0,2.289585440872201e-05,0.0,3.6675816039636963e-07,0.0003707363311936,0.0,8.709653147300298e-05,0.0,0.0006714101919019,0.0,0.0009191660382291,0.0,0.0003504256103186,0.0003020553076043,7.042745864606074e-05,0.0,0.0,0.0,0.0,0.0002474679120725,0.0,0.0003478259998345,0.0,0.0,1.1041781868670469e-06,0.0,0.0002947370037632,0.0005556735440213,0.0,2.1784701757981497e-06,0.0008994145022554,0.0,0.0,1.442141225919922e-06,1.2303414137942678e-05,0.0,0.0,1.4045832685686951e-05,0.0,3.502835911317118e-07,2.3097407840095776e-06
27,Souvik,RC022,flow,,,34400.0,1,400,25.0,7.0,160,160,70,70,38.48675542,38.48675542,38.48675542,0.0003913220202001,0.0003022525538882,0.0,0.0,0.0,0.0,0.0,0.0003667271157545,0.0010520904846708,0.0029153994429962,7.689640767603737e-06,0.0003482863792404,0.0,4.518299946835753e-06,0.0,0.0,0.0,0.0,0.0,0.0,0.0,0.002582132721042,0.0,0.0004748840349114,0.0005943025104271,0.0,0.0,0.0003312034303128,0.0,0.0,0.0,0.0,0.0,0.0,0.0,0.0,0.0,0.0001556134548885,0.0,0.0003970496739043,0.0004167604044303,0.0001357373937473,0.0005916362201103,0.0011638179051593,0.0,0.0002541760097729,0.0,0.0015881478454245,0.0,0.0,0.001285340970425,0.0,0.0,0.0,0.0,0.0,0.0,1.131943619038818e-06,0.0,0.0,0.0,0.0001944511879277,0.0,0.0,0.0003590139752759,0.0,0.0003708894789457,0.0,0.0006379807426076,0.0,0.0008985776789565,0.0,0.0003364553004115,0.0002985142029958,0.0001500442903524,0.0,0.0,0.0,0.0,0.0002411159595989,0.0,0.0003492340095038,0.0,0.0,0.0,0.0,0.0002881075451856,0.0005067386162817,0.0,2.178635092752485e-06,0.0007747937490208,0.0,0.0,0.0,1.2742492631556292e-05,0.0,0.0,7.048711186056607e-06,0.0,7.508164925832401e-07,4.570573141406248e-06
28,Souvik,RC022,flow,,,38600.0,1,400,25.0,7.0,160,160,70,70,53.70787993,53.70787993,53.70787993,0.0005101246436542,0.000411512552749,0.0,0.0,0.0,0.0,0.0,0.0003575940032599,0.0008200559629259,0.002794248022335,3.103511863274501e-06,0.000348489383241,0.0,0.0,0.0,0.0,0.0,0.0,0.0,0.0,0.0,0.0024262932118341,0.0,0.0005426645962957,0.0005449515958905,0.0,0.0,0.0003361743977645,0.0,0.0,0.0,0.0,0.0,0.0,0.0,0.0,0.0,0.0003187949196446,4.0883748970579486e-07,0.0003809924846716,0.0003145791476972,7.095471466743847e-05,0.0008125816442075,0.0010973480443361,0.0,0.0002309701818111,0.0,0.0015091188925398,0.0,0.0,0.0012058966051167,0.0,0.0,0.0,0.0,0.0,0.0,3.618438151533778e-07,0.0,3.614413205626813e-07,0.0,0.0002103854454487,0.0,7.755867196909975e-07,0.0003362796182511,0.0,0.0004253789353872,0.0,0.0006173743659756,0.0,0.0008474120777104,0.0,0.0003071825711075,0.000336985919464,4.11072856072632e-05,0.0,0.0,0.0,0.0,0.0002338907428815,0.0,0.0003309960975048,0.0,0.0,3.677208875319893e-07,0.0,0.0002721354849976,0.0005322489557803,0.0,0.0,0.0008570364009195,0.0,0.0,1.8649318077759504e-06,1.0678606967977298e-05,0.0,0.0,1.5646759149393508e-06,0.0,0.0,7.156759221855716e-06
29,Souvik,RC022,flow,,,42800.0,1,400,25.0,7.0,160,160,70,70,71.39729219,71.39729219,71.39729219,0.0006101505357852,0.000489598988172,0.0,0.0,0.0,0.0,0.0,0.0003745996619937,0.0007262657615417,0.0028046733999955,4.884069622276684e-06,0.0003527399094319,0.0,0.0,0.0,0.0,0.0,0.0,0.0,3.825130470418933e-07,0.0,0.0024646084504794,0.0,0.0008224713687227,0.0004897652706555,0.0,0.0,0.0003250190409472,0.0,0.0,0.0,0.0,0.0,0.0,0.0,0.0,0.0,0.0002418643977863,0.0,0.0003931924586945,0.000406488576302,4.35295669456853e-05,0.0006803802442845,0.0011154532266139,0.0,0.0002463617385728,0.0,0.0015126193418711,0.0,0.0,0.0012124260284036,0.0,0.0,0.0,0.0,0.0,0.0,0.0,0.0,8.403281181571328e-07,0.0,0.0003365685040058,0.0,0.0,0.0003462078637042,0.0,0.0006273876698308,0.0,0.0006165032667977,0.0,0.0008406648958492,0.0,0.0003226749168771,0.0003137602397896,0.00011078763043,0.0,0.0,0.0,0.0,0.0002176071933554,0.0,0.0003325315857012,0.0,0.0,0.0,0.0,0.0002819228153039,0.0004790597707073,0.0,0.0,0.0008085487813398,0.0,0.0,3.6973763839517143e-06,6.975644828543336e-06,0.0,0.0,2.831328918940039e-06,0.0,7.778849406812762e-07,1.868808209900903e-05
30,Souvik,RC023,flow,,,5000.0,1,400,25.0,7.5,160,160,70,70,47.32693839,47.32693839,47.32693839,0.000317108254992,0.0002016752820892,0.0,0.0,0.0,0.0,0.0,1.5066054002091862e-05,0.0010211793738982,0.0018402910343837,6.991050828589887e-06,0.0003071456408144,0.0,6.749044602296343e-05,0.0,0.0,0.0,0.0,0.0,0.0,0.0,0.0016755153382829,0.0,0.0007053139128269,0.0003533468997389,0.0,0.0,0.0002541211708679,0.0,0.0,0.0,0.0,0.0,0.0,0.0,0.0,0.0,4.623012905437692e-06,0.0,1.4969446928119437e-06,0.0005401255377417,0.0001613527292455,0.0004338218001528,0.0005153078654694,0.0,0.0003583717981586,0.0,0.000983484884987,0.0,0.0,0.000960051480489,0.0,0.0,0.0,0.0,0.0,0.0,1.937064307372874e-06,0.0,0.0,0.0,0.0001940744523769,0.0,0.0,7.929893253097788e-07,0.0,0.0006035098355205,0.0,0.0002873345642571,0.0,0.0005012453840281,0.0,0.0002080633635505,0.0001238442933016,0.0001615776601508,0.0,0.0,0.0,0.0,0.0,0.0,1.9875175390085354e-05,0.0,0.0,0.0,0.0,5.014566972304992e-05,0.00030858099615,0.0,3.572553183872276e-07,0.0006721912942532,0.0,0.0,0.0,0.0,4.163213580317802e-07,0.0,0.0,0.0,0.0,0.0
31,Souvik,RC023,flow,,,9200.0,1,400,25.0,7.5,160,160,70,70,52.44500137,52.44500137,52.44500137,0.0002686819475586,0.0002629081122595,0.0,0.0,0.0,0.0,0.0,2.189241138229805e-06,0.0007611546324458,0.001540498537265,1.4367646940865945e-06,0.0002794787320322,0.0,0.0,0.0,0.0,0.0,0.0,0.0,0.0,0.0,0.0013926007952835,0.0,0.0006058412418933,0.0003585460245823,0.0,0.0,0.0003145578555331,0.0,0.0,0.0,0.0,0.0,0.0,0.0,0.0,0.0,0.0002140882770303,0.0,0.0,0.0003794948618912,3.2962844243124134e-05,0.0008221636558945,0.000404668990166,0.0,0.0002753105308538,0.0,0.0008253535516691,0.0,0.0,0.0008737101038534,0.0,0.0,0.0,0.0,0.0,0.0,0.0,0.0,0.0,0.0,0.0001020498664034,0.0,0.0,0.0,0.0,0.0005147908783271,0.0,0.0002018904735775,0.0,0.0004236046570875,0.0,0.0001664747073006,0.0002508034187875,8.479773890470437e-06,0.0,0.0,0.0,0.0,0.0,0.0,9.55608783210435e-06,0.0,0.0,0.0,0.0,3.1141999968727504e-05,0.0003069130459473,0.0,0.0,0.0008684639928474,0.0,0.0,0.0,0.0,0.0,0.0,0.0,0.0,0.0,0.0
32,Souvik,RC023,flow,,,13400.0,1,400,25.0,7.5,160,160,70,70,23.44093833,23.44093833,23.44093833,6.807709433774271e-05,4.54409237245141e-05,0.0,0.0,0.0,0.0,0.0,1.0389923556509116e-06,0.001301985581348,0.0015357668847352,4.811972476526677e-06,0.0002601179378469,0.0,0.0,0.0,0.0,0.0,0.0,0.0,0.0,0.0,0.001419867123562,0.0,0.0003025157856264,0.0004068937013981,0.0,0.0,0.0003046537387325,0.0,0.0,0.0,0.0,0.0,0.0,0.0,0.0,0.0,0.0001956202582519,0.0,0.0,0.0003815710292356,0.0001474596925894,0.0007790578470294,0.0004026332717441,0.0,0.0003144528396132,0.0,0.000839627153923,0.0,0.0,0.0008833778292448,0.0,0.0,0.0,0.0,0.0,0.0,0.0,0.0,0.0,0.0,3.140154141846085e-06,0.0,0.0,0.0,0.0,0.0002740823556494,0.0,0.0002040487715524,0.0,0.0004288023316941,0.0,0.0001751903288117,0.0002308269383223,3.0520091767823605e-05,0.0,0.0,0.0,0.0,0.0,0.0,7.184858339604845e-06,0.0,0.0,0.0,0.0,1.848781487312679e-05,0.0003341372823311,0.0,0.0,0.0009043460517682,0.0,0.0,0.0,0.0,0.0,0.0,0.0,0.0,0.0,0.0
33,Souvik,RC023,flow,,,17600.0,1,400,25.0,7.5,160,160,70,70,59.74632865,59.74632865,59.74632865,0.0002946768235478,0.0002969269735195,0.0,0.0,0.0,0.0,0.0,6.9007042404046e-07,0.00068985680957,0.0014329813714784,0.0,0.0002455446890384,0.0,0.0,0.0,0.0,0.0,0.0,0.0,0.0,0.0,0.0013075668526646,0.0,0.0006097022161988,0.0003299211745383,0.0,0.0,0.0002786867035414,0.0,0.0,0.0,0.0,0.0,0.0,0.0,0.0,0.0,0.0003063549760886,0.0,0.0,0.0002951158614759,6.738894546394417e-06,0.0010231711656513,0.0003772817270584,0.0,0.0002199671858675,0.0,0.0007608918641365,0.0,0.0,0.0008130486309497,0.0,0.0,0.0,0.0,0.0,0.0,0.0,0.0,0.0,0.0,6.974144951041016e-05,0.0,0.0,0.0,0.0,0.0004791425291249,0.0,0.0001612365882962,0.0,0.0003935902390163,0.0,0.0001283314537222,0.0002636525377647,1.7120425355193042e-06,0.0,0.0,0.0,0.0,0.0,0.0,5.775858317881731e-06,0.0,0.0,0.0,0.0,6.545404554844621e-06,0.0003046637975177,0.0,0.0,0.000892598519021,0.0,0.0,0.0,0.0,0.0,0.0,0.0,0.0,0.0,1.05864022544978e-06
34,Souvik,RC023,flow,,,21800.0,1,400,25.0,7.5,160,160,70,70,73.3243184,73.3243184,73.3243184,0.000322722522679,0.0003424400753356,0.0,0.0,0.0,0.0,0.0,1.351969587291706e-06,0.0005992274843559,0.0014077721695627,6.446335249125494e-07,0.000253053115039,0.0,0.0,0.0,0.0,0.0,0.0,0.0,0.0,0.0,0.0012354624815903,0.0,0.0007014874254579,0.0002938563600256,0.0,0.0,0.000257582672026,0.0,0.0,0.0,0.0,0.0,0.0,0.0,0.0,0.0,0.0003096880726119,0.0,0.0,0.0003025404605692,2.80728652065731e-06,0.0009832483126073,0.0003549800227143,0.0,0.0001624814052658,0.0,0.0007343751664325,0.0,0.0,0.0007921431677654,0.0,0.0,0.0,0.0,0.0,0.0,0.0,0.0,0.0,0.0,0.0001076464987798,0.0,0.0,0.0,0.0,0.0005518529494495,0.0,0.0001469628676628,0.0,0.0003821922500977,0.0,0.0001067859727782,0.0002849921254187,1.0358907535176554e-06,0.0,0.0,0.0,0.0,0.0,0.0,6.320005612187176e-06,0.0,0.0,0.0,0.0,4.638358650367031e-06,0.0002899358035279,0.0,0.0,0.0008548141815103,0.0,0.0,0.0,0.0,0.0,0.0,0.0,0.0,0.0,6.976827264039765e-07
35,Souvik,RC023,flow,,,26000.0,1,400,25.0,7.5,160,160,70,70,64.49958647,64.49958647,64.49958647,0.0002889453046583,0.0003040451129141,0.0,0.0,0.0,0.0,0.0,1.0081050050469815e-06,0.0006424602351313,0.0014172598693192,3.1679103765474977e-07,0.0002494757886505,0.0,0.0,0.0,0.0,0.0,0.0,0.0,0.0,0.0,0.001278244958674,0.0,0.000649665935026,0.0003102199018258,0.0,0.0,0.0002797701945942,0.0,0.0,0.0,0.0,0.0,0.0,0.0,0.0,0.0,0.000288585525424,0.0,0.0,0.000312498903594,4.435051845489135e-06,0.0009429018172091,0.0003614286985796,0.0,0.0002045653324536,0.0,0.0007348435370296,0.0,0.0,0.0007970779637837,0.0,0.0,0.0,0.0,0.0,0.0,0.0,0.0,0.0,0.0,9.249048567325384e-05,0.0,0.0,0.0,0.0,0.0005239716774581,0.0,0.0001537093753468,0.0,0.0003865838023893,0.0,0.000132096146336,0.0002761568633714,1.9617195205079825e-06,0.0,0.0,0.0,0.0,0.0,0.0,1.1485920085685703e-05,0.0,0.0,0.0,0.0,1.57910963287302e-05,0.0002921462867894,0.0,0.0,0.0008652633112427,0.0,0.0,0.0,0.0,0.0,0.0,0.0,0.0,0.0,0.0
36,Souvik,RC023,flow,,,30200.0,1,400,25.0,7.5,160,160,70,70,17.81354538,17.81354538,17.81354538,3.946298261256868e-05,2.915493163393052e-05,0.0,0.0,0.0,0.0,2.6275925326153627e-06,1.2079811615794869e-06,0.0015689334185258,0.0015175521849418,8.043691722221475e-06,0.0002675753727514,0.0,6.860967963348693e-07,0.0,0.0,0.0,0.0,0.0,0.0,0.0,0.0013940042558404,0.0,0.0002208491635578,0.0004115064367379,0.0,0.0,0.0003093120928805,0.0,0.0,0.0,0.0,0.0,0.0,0.0,0.0,0.0,0.000195915142826,0.0,0.0,0.0003768058590098,0.0001722598497556,0.0007556566809477,0.0003875010791939,0.0,0.000313312670096,0.0,0.0008242060732028,0.0,0.0,0.0008650113127064,0.0,0.0,0.0,0.0,0.0,0.0,0.0,0.0,0.0,0.0,2.4684300253761656e-06,0.0,0.0,0.0,0.0,0.0001928617833637,0.0,0.000207922036491,0.0,0.0004108219396754,0.0,0.000204231931792,0.0002225339959582,2.7761301895580123e-05,0.0,0.0,0.0,0.0,0.0,0.0,4.776960766226086e-06,0.0,0.0,0.0,0.0,3.024801003361048e-05,0.0003136297826915,0.0,0.0,0.0008482040571204,0.0,0.0,0.0,0.0,0.0,0.0,0.0,0.0,0.0,6.406251603647863e-07
37,Souvik,RC023,flow,,,34400.0,1,400,25.0,7.5,160,160,70,70,33.37893461,33.37893461,33.37893461,0.0001857013372792,0.0001489655121398,0.0,0.0,0.0,0.0,0.0,3.511379217266102e-06,0.0010049955826124,0.0015263774699638,5.390749637739824e-06,0.0002624726532445,0.0,0.0,0.0,0.0,0.0,0.0,0.0,0.0,0.0,0.0014045276391592,0.0,0.000368913563317,0.0004020783461403,0.0,0.0,0.0003233886506007,0.0,0.0,0.0,0.0,0.0,0.0,0.0,0.0,0.0,0.0002512227242596,0.0,0.0,0.0003352352018691,7.886691382990517e-05,0.0008770732752284,0.0003957582584314,0.0,0.0002824992285728,0.0,0.0008257516208928,0.0,0.0,0.0008815477362159,0.0,0.0,0.0,0.0,0.0,0.0,0.0,0.0,0.0,0.0,3.263547557118283e-05,0.0,0.0,0.0,0.0,0.0003171737427636,0.0,0.0002134966590177,0.0,0.0004208854715749,0.0,0.0001791696841292,0.0002374853602061,1.4259290380687356e-05,0.0,0.0,0.0,0.0,0.0,0.0,1.9171753422735875e-05,0.0,0.0,0.0,0.0,3.205078002322961e-05,0.0003139946153406,0.0,0.0,0.0008673025075896,0.0,0.0,0.0,0.0,0.0,0.0,0.0,0.0,0.0,6.56860641227861e-07
38,Souvik,RC023,flow,,,38600.0,1,400,25.0,7.5,160,160,70,70,42.40605499,42.40605499,42.40605499,0.0002224494830774,0.0002159249779289,0.0,0.0,0.0,0.0,0.0,3.46470467800828e-06,0.0008292900463918,0.0014114256261267,2.5166162544277034e-06,0.0002571916566783,0.0,0.0,0.0,0.0,0.0,0.0,0.0,0.0,0.0,0.0013149841451057,0.0,0.0004375613483724,0.0003569977194288,0.0,0.0,0.0002844999510814,0.0,0.0,0.0,0.0,0.0,0.0,0.0,0.0,0.0,0.0002646650618589,0.0,0.0,0.0003201014359775,4.23274451443855e-05,0.0009000600881985,0.0003545272504077,0.0,0.0002466987964556,0.0,0.0007566703341013,0.0,0.0,0.0008075255347151,0.0,0.0,0.0,0.0,0.0,0.0,0.0,0.0,0.0,0.0,3.1875858088752325e-05,0.0,0.0,3.0484346020056456e-07,0.0,0.0003669682188024,0.0,0.0001832333569969,0.0,0.0003920892003868,0.0,0.000192557056685,0.0002381968625106,1.0349845400216048e-05,0.0,0.0,0.0,0.0,0.0,0.0,1.0481927753463356e-05,0.0,0.0,0.0,0.0,1.7810536022672697e-05,0.0002959019834729,0.0,0.0,0.0008528306890477,0.0,0.0,0.0,0.0,0.0,0.0,0.0,0.0,0.0,2.84651670426726e-06
39,Souvik,RC023,flow,,,42800.0,1,400,25.0,7.5,160,160,70,70,29.41946749,29.41946749,29.41946749,0.0001324520696578,0.0001090233628702,0.0,0.0,0.0,0.0,0.0,3.314624486865892e-06,0.0010952655379006,0.0014538241374835,1.5743756434566215e-05,0.0002603166702469,0.0,1.4613380745592695e-06,0.0,0.0,0.0,0.0,0.0,0.0,0.0,0.0013408815015679,0.0,0.000321772728767,0.0003749680201574,0.0,0.0,0.0002935860996539,0.0,0.0,0.0,0.0,0.0,0.0,0.0,0.0,0.0,0.0002111699735616,0.0,2.855133155306824e-07,0.0003680336074559,0.0001009969696842,0.0007869622980324,0.0003777906889808,0.0,0.0002754567522598,0.0,0.0007779759230553,0.0,0.0,0.0008274264958729,0.0,0.0,0.0,0.0,0.0,0.0,0.0,0.0,0.0,0.0,1.3718606678433696e-05,0.0,0.0,0.0,0.0,0.0002883771123676,0.0,0.0001918752324252,0.0,0.0003887994837679,0.0,0.0001876756843754,0.0002250311609375,2.4289500173442337e-05,0.0,0.0,0.0,0.0,0.0,0.0,1.5737141011135825e-05,0.0,0.0,0.0,0.0,2.855193758413925e-05,0.0003069804341601,0.0,0.0,0.0008390817889163,0.0,0.0,0.0,0.0,0.0,0.0,0.0,0.0,0.0,6.281476527373342e-07
40,Souvik,RC024,flow,,,5200.0,1,400,25.0,8.0,160,160,70,70,61.63783485,61.63783485,61.63783485,0.0001040470989213,0.0001022551517991,2.282286644090629e-07,0.0,1.9522071255686044e-06,0.0,0.0,0.0,0.0004956306694022,0.0004580257686709,0.0,0.0001217432539397,2.0546377760844966e-06,0.000243820068777,0.0,0.0,2.370354650223481e-05,0.0,0.0,3.313699999309476e-06,0.0,0.0004876235253629,7.546025129773141e-06,0.0010490208043117,3.293167169287233e-05,0.0,0.0,0.0001084863994817,1.9949570050487565e-07,0.0,0.0,0.0,0.0,0.0,0.0,0.0,0.0,0.0,1.140767795259395e-05,0.0,0.0010384603646996,0.0,6.774595404004195e-06,8.672600738271642e-05,0.0,3.0675070354212884e-06,0.0,0.0003178651791254,0.0,0.0,0.0005822447832419,0.0,0.0,8.790377168748708e-06,0.0,0.0,0.0,0.0001409386810543,0.0,0.0,0.0,0.0001143641447462,0.0,0.0,0.0,0.0,0.0008981422428318,0.0,4.685422484542801e-05,0.0,0.0001727890887217,0.0,0.0001453576314634,6.038943944156209e-05,0.0001856408857171,3.930054859350244e-05,0.0,0.0,0.0,0.0,0.0,3.4993863754761453e-06,3.077115902412217e-07,0.0,3.0801006490437383e-06,0.0,5.469347222177591e-05,2.110714589782849e-05,0.0,7.147711208854862e-06,0.0004282900938962,1.0482347744929867e-07,0.0,2.230571113293367e-07,0.0,9.618938813276121e-08,7.173057816031266e-07,1.9531693446095758e-07,0.0,2.2555919538406247e-06,2.1517188402682217e-06
41,Souvik,RC024,flow,,,9400.0,1,400,25.0,8.0,160,160,70,70,33.1614027,33.1614027,33.1614027,9.317546331501072e-05,0.0001043633237648,0.0,0.0,2.539344966645245e-07,1.281887547212255e-07,3.118369224097213e-06,0.0,0.0009445431250882,0.0004774818178924,1.3546625559348966e-05,0.000138801038264,0.0,1.040840056256687e-05,0.0,0.0,0.0,0.0,0.0,0.0,0.0,0.0005026435087661,0.0,0.0003629050417788,0.0001842650026431,0.0,0.0,0.0003162389681475,0.0,0.0,4.022273316779229e-06,0.0,0.0,0.0,0.0,0.0,0.0,0.0002734642921288,9.521738420844364e-06,0.0,0.0002103127556492,2.103501215270048e-05,0.0013115434102408,8.306747736279703e-05,1.1225589294334303e-07,0.0002003905015969,0.0,0.000325927567179,0.0,0.0,0.0006131471491404,0.0,0.0,0.0,0.0,0.0,0.0,5.203942711861179e-06,0.0,0.0,0.0,2.0740519668792137e-05,0.0,6.937232227308631e-06,0.0,0.0,0.0003141047741876,4.54628738557935e-07,2.5536670919978808e-05,0.0,0.0001825516968617,0.0,0.0001579579876179,0.0002196956900486,4.032013722679326e-06,0.0,0.0,0.0,0.0,0.0,0.0,1.0576589689445543e-05,0.0,0.0,0.0,0.0,3.501410815840929e-05,0.0001471732925461,0.0,3.060330258047877e-06,0.0007097799833895,1.1359616972746382e-07,0.0,2.901804910684854e-07,0.0,2.2947373714224466e-07,0.0,1.2020138548136978e-07,0.0,0.0,1.2379004110969324e-07
42,Souvik,RC024,flow,,,13600.0,1,400,25.0,8.0,160,160,70,70,30.8230065,30.8230065,30.8230065,9.868676481646873e-05,9.90441691710479e-05,0.0,0.0,5.937416517852583e-07,1.155129927281526e-07,3.5745077820867763e-06,0.0,0.000950498886135,0.0004675209779528,1.0597991305009776e-05,0.0001407542955936,8.588379095577446e-07,3.4812800665530307e-06,0.0,0.0,0.0,0.0,0.0,0.0,0.0,0.0005020132908817,0.0,0.0003384165236732,0.0001727068072866,0.0,0.0,0.0003099406904231,0.0,0.0,1.0726122628778192e-05,0.0,0.0,0.0,0.0,0.0,0.0,0.0002844659664903,1.0650298221140722e-05,0.0,0.0001922215979841,1.3978473505766855e-05,0.0013787150911112,8.481010525840016e-05,0.0,0.0001994657784791,0.0,0.0003231610587939,0.0,0.0,0.0006121810792214,0.0,0.0,0.0,0.0,0.0,0.0,5.4962373318562444e-06,0.0,0.0,0.0,1.609638650726918e-05,0.0,5.988947862923142e-06,0.0,0.0,0.0002923089907006,4.6939417970099014e-07,2.505998861062437e-05,0.0,0.0001740502183955,0.0,0.0001631356961337,0.0002232613741557,2.2585040351875345e-07,0.0,1.2803709514118072e-07,0.0,0.0,0.0,2.3414343540943857e-07,9.030558163195698e-06,0.0,0.0,1.1201829007547557e-07,0.0,3.536043443270938e-05,0.0001480061275374,0.0,4.635825794380643e-06,0.0007337143143033,0.0,0.0,1.148501835131017e-07,0.0,0.0,0.0,0.0,0.0,0.0,4.006926640986035e-07
43,Souvik,RC024,flow,,,17800.0,1,400,25.0,8.0,160,160,70,70,42.47557942,42.47557942,42.47557942,0.0001155238144493,0.0001257903299657,0.0,0.0,0.0,0.0,7.634292654442236e-07,0.0,0.0007423667975156,0.0004432057637533,7.013678662340818e-06,0.0001374241010707,1.2726166715156784e-07,1.001329764826296e-06,0.0,0.0,0.0,0.0,0.0,0.0,0.0,0.0004754472590625,0.0,0.0004323813926764,0.0001641371562413,0.0,0.0,0.000303837441324,0.0,0.0,1.5289377709004088e-06,0.0,0.0,0.0,0.0,0.0,0.0,0.0002987736386335,5.33025831809504e-06,0.0,0.0001731545840024,2.400227728694432e-06,0.0014060155395384,7.401519650842818e-05,0.0,0.0001730710861541,0.0,0.0003045031645307,0.0,0.0,0.0005947500918775,0.0,0.0,0.0,0.0,0.0,0.0,8.638360675431058e-07,0.0,0.0,0.0,1.8633199285513743e-05,0.0,4.517704178393683e-06,0.0,0.0,0.0003594990599903,6.169373874205206e-07,1.779023813980379e-05,0.0,0.0001698894091752,0.0,0.0001551143837471,0.0002312074326482,3.865540043009187e-07,0.0,0.0,0.0,0.0,0.0,1.2729620280574228e-07,1.0574441108790315e-05,0.0,0.0,1.1707314321321015e-07,0.0,2.9475948273650292e-05,0.0001407711944478,0.0,1.2886033933326666e-06,0.0007380290966511,0.0,0.0,7.538768034381428e-07,1.241049426736113e-07,1.1773885776539765e-07,0.0,0.0,0.0,0.0,0.0
44,Souvik,RC024,flow,,,22000.0,1,400,25.0,8.0,160,160,70,70,72.15783249,72.15783249,72.15783249,0.000145140058041,0.0001943372608719,0.0,0.0,1.2217839116910093e-07,5.370245399489418e-06,0.0,0.0,0.0005053614001289,0.0004161998318379,8.738880366405369e-07,0.0001325983489968,2.483348773443132e-07,2.677860272695654e-07,0.0,0.0,0.0,0.0,0.0,0.0,0.0,0.0004538746581387,0.0,0.00061738947237,0.0001309638955089,0.0,0.0,0.0002740118349613,0.0,0.0,0.0,0.0,0.0,0.0,0.0,0.0,0.0,0.0003128800152273,4.818651576151922e-06,0.0,0.0001272308133406,2.439741923974757e-07,0.0013542432529276,6.147843382936625e-05,0.0,0.0001350296983281,0.0,0.0002931950473331,0.0,0.0,0.0005596071582434,0.0,0.0,0.0,0.0,0.0,0.0,1.1685867191476305e-07,0.0,0.0,0.0,3.5563135887598305e-05,0.0,6.682209935290448e-06,0.0,0.0,0.0004811748139283,1.944446607188862e-05,1.4237007808746049e-05,0.0,0.0001642075936102,0.0,0.0001434731427858,0.0002448249419742,0.0,0.0,1.306457579112947e-07,0.0,0.0,0.0,1.316185405443925e-07,1.0871564247217436e-05,0.0,0.0,0.0,0.0,1.6195217364530085e-05,0.0001271504434362,0.0,1.370115215439106e-06,0.0007254400076435,0.0,0.0,4.081240047965009e-06,0.0,1.2396056895413338e-07,0.0,0.0,0.0,1.24149497044058e-07,2.48407765809282e-07
45,Souvik,RC024,flow,,,26200.0,1,400,25.0,8.0,160,160,70,70,51.84643172,51.84643172,51.84643172,0.0001242607129941,0.0001470078753175,0.0,0.0,5.358660634902339e-07,7.490353226287559e-07,0.0,0.0,0.0006189697132868,0.0004290825716568,1.6312372582517706e-06,0.0001365270250605,2.741163528890676e-07,2.555316562286506e-07,0.0,0.0,0.0,0.0,0.0,0.0,0.0,0.0004762293017227,0.0,0.0005106203562162,0.0001458573831159,0.0,0.0,0.0002807287888505,0.0,0.0,2.467843796691741e-07,0.0,0.0,0.0,0.0,0.0,0.0,0.0003105739664847,5.503820692668333e-06,0.0,0.0001457043474737,6.20903681813501e-07,0.001390709670647,6.320920160442963e-05,0.0,0.0001546249558723,0.0,0.0003078338519109,0.0,0.0,0.0005893246951953,0.0,0.0,0.0,0.0,0.0,0.0,1.2384073821358106e-07,0.0,0.0,0.0,1.8033645508878705e-05,0.0,3.6023788248335527e-06,0.0,0.0,0.0004020927037473,1.5530492111366958e-06,1.1262389772283478e-05,0.0,0.0001678666939525,0.0,0.0001562397134798,0.000234911477141,0.0,0.0,0.0,0.0,0.0,0.0,0.0,6.927227733056417e-06,0.0,0.0,0.0,0.0,2.40274169449599e-05,0.0001373256444711,0.0,1.5711167021029652e-06,0.0007247157196341,0.0,0.0,7.650504085874424e-07,0.0,0.0,0.0,0.0,0.0,0.0,2.425405756236076e-07
46,Souvik,RC024,flow,,,30400.0,1,400,25.0,8.0,160,160,70,70,66.08908221,66.08908221,66.08908221,0.0001275359971195,0.0001659012568386,0.0,0.0,0.0,9.065952410324052e-07,0.0,0.0,0.0005465900662474,0.0004181995330544,9.113078301919204e-07,0.000135602012334,0.0,2.691240043385232e-07,0.0,0.0,0.0,0.0,0.0,0.0,0.0,0.0004568728888837,0.0,0.0006385904094542,0.0001221197087965,0.0,0.0,0.0002609506866483,0.0,0.0,0.0,0.0,0.0,0.0,0.0,0.0,0.0,0.0002965451707951,6.278019630482695e-06,0.0,0.0001599749025829,2.605435967451861e-07,0.0013251768234614,5.6187570053389525e-05,0.0,0.0001525463177458,0.0,0.0002921111515942,0.0,0.0,0.0005630440022429,0.0,0.0,0.0,0.0,0.0,0.0,2.497438571587145e-07,0.0,0.0,0.0,3.09074496050957e-05,0.0,2.7482788930379365e-06,0.0,0.0,0.0004963833129167,6.341473090026443e-06,8.606095953705277e-06,0.0,0.0001662949788968,0.0,0.0001452892895071,0.0002332909492176,1.2357122028707068e-07,0.0,0.0,0.0,0.0,0.0,1.3179825420466814e-07,7.660304438359387e-06,0.0,0.0,1.259124060692637e-07,0.0,2.520525244417584e-05,0.0001243167348006,0.0,1.456844796536128e-06,0.0007230255983832,0.0,0.0,2.1123591935941817e-06,1.252491187473847e-07,0.0,0.0,0.0,0.0,0.0,4.132200064897041e-07
47,Souvik,RC024,flow,,,34600.0,1,400,25.0,8.0,160,160,70,70,19.98578199,19.98578199,19.98578199,8.037563715874343e-05,7.694774498379199e-05,0.0,0.0,2.361836003410328e-07,0.0,2.710103484837048e-05,0.0,0.001383878321448,0.000480417305367,1.6394955990657265e-05,0.0001512763235771,0.0,5.880586738051337e-06,0.0,0.0,0.0,0.0,0.0,0.0,0.0,0.0005362753371192,0.0,0.0002306064547238,0.0001890950382167,0.0,0.0,0.0003413604504772,0.0,0.0,1.1185530263082593e-05,0.0,0.0,0.0,0.0,0.0,0.0,0.0002878673838387,1.0956795958310862e-05,0.0,0.0001947757606059,1.6722448029243883e-05,0.0013688909176881,8.423202497916281e-05,0.0,0.0002065447910475,0.0,0.0003405779286482,0.0,0.0,0.0006539315217027,0.0,0.0,0.0,0.0,0.0,0.0,2.7413955371035328e-06,0.0,0.0,0.0,6.1504166736036925e-06,0.0,2.083554304397761e-06,0.0,0.0,0.0002006025052824,0.0,2.5079585813715925e-05,0.0,0.0001785971079396,0.0,0.0001687081227198,0.0002212166309249,1.1346966763702596e-06,0.0,0.0,0.0,0.0,0.0,1.179587916507501e-07,4.45899869925446e-06,0.0,0.0,5.024295275436973e-07,0.0,3.615662234120033e-05,0.000147841627717,1.191857143935423e-07,3.118004957388876e-06,0.0007329064498227,0.0,0.0,5.300147643370775e-07,0.0,1.2065493828932078e-07,0.0,0.0,0.0,1.4282650194429994e-07,0.0
48,Souvik,RC024,flow,,,38800.0,1,400,25.0,8.0,160,160,70,70,23.92526906,23.92526906,23.92526906,8.686951405688663e-05,8.166411240433203e-05,0.0,0.0,6.603735639123254e-07,0.0,7.929375016886553e-06,0.0,0.0011237695909813,0.0004832879291679,1.656878674548807e-05,0.000149825117173,0.0,1.3990572333546228e-05,0.0,0.0,0.0,0.0,0.0,0.0,0.0,0.0005359714040635,0.0,0.000283908724943,0.0001743603458394,0.0,0.0,0.0003154477060185,0.0,0.0,7.931699389081507e-06,0.0,0.0,0.0,0.0,0.0,0.0,0.0002385788294072,1.0051311313881963e-05,0.0,0.0002781093551189,7.670275758970501e-06,0.001184532180744,8.580548271719293e-05,0.0,0.0001790303953694,0.0,0.000345672294801,0.0,0.0,0.0006604267134313,0.0,0.0,0.0,0.0,0.0,0.0,4.577071484287985e-06,0.0,0.0,0.0,9.78162682987448e-06,0.0,8.543074861569173e-07,0.0,0.0,0.000246930722153,0.0,2.5189327536618327e-05,0.0,0.0001802309211481,0.0,0.000171870217143,0.0002056270175958,1.6357639675884442e-05,0.0,0.0,0.0,0.0,0.0,0.0,3.874187314266176e-06,0.0,0.0,2.563080098526758e-07,0.0,4.533203867329886e-05,0.000142774467107,0.0,1.7657780255114515e-06,0.0006855235260757,0.0,0.0,0.0,0.0,0.0,0.0,0.0,0.0,0.0,9.321452138139988e-07
49,Souvik,RC024,flow,,,43000.0,1,400,25.0,8.0,160,160,70,70,49.89697656,49.89697656,49.89697656,0.0001188104448643,0.0001350945626031,0.0,0.0,3.828553957947043e-07,2.671311039771627e-07,0.0,0.0,0.0006646165463999,0.0004181509758831,2.586503265047925e-06,0.0001380448029679,0.0,6.618988876914248e-07,0.0,0.0,0.0,0.0,0.0,0.0,0.0,0.0004724653273686,0.0,0.0004992373041852,0.0001346836782994,0.0,0.0,0.0002755011779897,0.0,0.0,1.236133006618994e-07,0.0,0.0,0.0,0.0,0.0,0.0,0.0002862939240717,5.014523845827768e-06,0.0,0.0001749970927667,2.463796675412783e-07,0.0013184104446845,6.514062857886054e-05,0.0,0.0001557328203653,0.0,0.0003017933109586,0.0,0.0,0.0005876424482804,0.0,0.0,0.0,0.0,0.0,0.0,3.790335195212935e-07,0.0,0.0,0.0,1.3312111205879882e-05,0.0,2.264375972116602e-06,0.0,0.0,0.0003881323122715,1.5865622676927546e-06,6.600358874319363e-06,0.0,0.0001661531359042,0.0,0.000153940775958,0.000226838169096,2.581264822959098e-07,0.0,0.0,0.0,0.0,0.0,2.809181447614241e-07,3.153295144919178e-06,0.0,0.0,0.0,0.0,2.597361694686009e-05,0.0001283562386028,0.0,1.5298687434806331e-06,0.0007123299159842,0.0,0.0,6.458614239309549e-07,0.0,0.0,0.0,0.0,0.0,1.241148618449583e-07,1.0591673337662965e-06
50,Souvik,RC025,flow,,,5200.0,1,400,25.0,8.5,160,160,70,70,40.04133975,40.04133975,40.04133975,1.4286047108261124e-05,6.804895062581359e-05,0.0,0.0,1.2391140393105113e-07,3.349432946051362e-07,4.6222639469286774e-07,0.0,0.0009345078479333,0.0001321373783829,2.003252195161215e-05,0.0001246993649249,3.644006988836688e-07,0.0002560575557813,0.0,0.0,6.806526220364686e-07,0.0,0.0,0.0,0.0,0.0001241947428181,3.522281055509617e-05,0.000763506616882,0.0,0.0,0.0,0.0001128803884218,3.457683513074272e-07,0.0,1.263733037679211e-06,0.0,0.0,0.0,0.0,0.0,0.0,0.0,0.0,0.0,0.0015541532335686,0.0,2.7315954885682317e-05,0.0,0.0,0.0001518577329456,1.0785178637309081e-07,4.377971646537016e-05,0.0,0.0,0.0002897824666431,0.0,0.0,5.554121770165961e-07,0.0,0.0,0.0,0.0002362939322524,0.0,0.0,0.0,1.1806366116593869e-06,0.0,0.0,0.0,0.0,0.0005816445171322,0.0,0.0,0.0,0.0,0.0,6.5330969855201e-06,1.9927952484909413e-05,0.0002229400958644,4.7158782388298205e-06,0.0,0.0,0.0,0.0,0.0,0.0,0.0,0.0,3.873390008101817e-06,0.0,1.818025734894365e-06,4.81508100444698e-07,0.0,0.0,0.0005131595780882,0.0,0.0,1.1296400377912177e-07,2.3574417410669867e-07,0.0,1.4472170260744153e-06,0.0,5.01447203605249e-07,0.0,1.4772171800636732e-05
51,Souvik,RC025,flow,,,9400.0,1,400,25.0,8.5,160,160,70,70,64.78143268,64.78143268,64.78143268,2.328196767202525e-05,0.0001633396390091,0.0,0.0,0.0,8.120067473054864e-07,0.0,0.0,0.0009150194289854,8.61390129763663e-05,6.610008370532328e-07,0.0001140923684343,0.0,3.9078851771531497e-07,0.0,0.0,0.0,0.0,0.0,0.0,0.0,7.791817025078163e-05,0.0,0.000748867650564,2.789267900985512e-07,0.0,0.0,0.0003383895648993,0.0,0.0,0.0,0.0,0.0,0.0,0.0,0.0,0.0,0.0002993853007861,0.0,0.0,0.0002035985136526,0.0,0.0017725686678254,0.0,0.0,0.0001269785250907,0.0,2.1769002997617187e-06,0.0,0.0,0.0002230187041151,0.0,0.0,0.0,0.0,0.0,0.0,1.8812601010171576e-06,0.0,0.0,0.0,0.0,0.0,9.363576209723664e-06,0.0,0.0,0.0005296354980028,1.264533548979442e-05,0.0,0.0,0.0,0.0,1.805150022377165e-05,0.0002642914922002,1.0719092016222265e-06,0.0,0.0,0.0,0.0,0.0,2.7829080444840357e-06,1.2467714724377106e-07,0.0,0.0,1.438165541035008e-07,0.0,0.0,2.3175453451152447e-06,0.0,0.0,0.0007251445215392,0.0,0.0,2.6889895958687408e-06,0.0,0.0,0.0,0.0,0.0,0.0,1.3674187482487097e-06
52,Souvik,RC025,flow,,,13600.0,1,400,25.0,8.5,160,160,70,70,33.98102028,33.98102028,33.98102028,2.4120745449468354e-05,0.0001220504213692,0.0,0.0,2.763964827294446e-07,7.04110893284255e-07,1.891552071461456e-06,0.0,0.0011898508273719,8.277205641010723e-05,1.2294314189070358e-07,0.0001204079889253,5.010223150370973e-07,3.577060633039532e-07,0.0,0.0,0.0,0.0,0.0,0.0,0.0,7.458474079319186e-05,0.0,0.0003943635485481,5.5215808946600624e-06,0.0,0.0,0.0003705052192812,0.0,0.0,2.730366107609903e-07,0.0,0.0,0.0,0.0,0.0,0.0,0.0003499853474183,0.0,0.0,0.0001217172185805,0.0,0.0019667493279534,0.0,0.0,0.0001436523670943,0.0,2.503256739653603e-06,0.0,0.0,0.0002383455809963,0.0,0.0,0.0,0.0,0.0,0.0,3.997879659305641e-07,0.0,0.0,0.0,0.0,0.0,5.065932822891894e-07,0.0,0.0,0.0002770837516802,8.105655649989333e-07,0.0,0.0,0.0,0.0,1.818012950499824e-05,0.0002656630315318,0.0,0.0,3.927712310279079e-07,0.0,0.0,0.0,4.903036203438146e-06,0.0,0.0,0.0,1.2265345212404846e-07,0.0,0.0,8.60222952184491e-06,0.0,0.0,0.000830047152607,0.0,0.0,1.163436474919247e-07,0.0,0.0,0.0,0.0,0.0,0.0,3.053965140410984e-06
53,Souvik,RC025,flow,,,17800.0,1,400,25.0,8.5,160,160,70,70,71.70330863,71.70330863,71.70330863,2.942543068819621e-05,0.0001961264886814,0.0,0.0,1.4478748987137888e-07,2.9474957877736047e-06,0.0,0.0,0.0007718957752412,6.690703541385985e-05,4.2960582234836e-07,0.0001136070639321,2.9296090587934445e-07,0.0,0.0,0.0,0.0,0.0,0.0,0.0,0.0,5.5430357422971445e-05,0.0,0.0007144412930676,0.0,0.0,0.0,0.0003247963798779,0.0,0.0,0.0,0.0,0.0,0.0,0.0,0.0,0.0,0.0003395477666428,0.0,0.0,0.0001142590431876,0.0,0.0018283407913399,0.0,0.0,0.0001067027909746,0.0,7.426955929774002e-07,0.0,0.0,0.0002208118703971,0.0,0.0,0.0,0.0,0.0,0.0,0.0,0.0,0.0,0.0,0.0,0.0,2.3199624702337534e-06,0.0,0.0,0.0004771233191449,1.68551268120513e-05,0.0,0.0,0.0,0.0,1.2037674870966895e-05,0.0002828057129001,0.0,0.0,5.835269151135472e-07,0.0,0.0,0.0,1.91925900757256e-06,3.016887098945342e-07,0.0,0.0,1.4529485031558353e-07,0.0,0.0,1.865431690400296e-06,0.0,0.0,0.0007949192792368,0.0,0.0,2.881234906776985e-06,0.0,0.0,0.0,0.0,0.0,0.0,2.5966628633670064e-06
54,Souvik,RC025,flow,,,22000.0,1,400,25.0,8.5,160,160,70,70,28.22571939,28.22571939,28.22571939,1.4525412498125071e-05,0.0001082103865618,0.0,0.0,0.0,6.236778429795194e-07,7.097212359910498e-06,0.0,0.0012693313091527,8.583312266642649e-05,1.1956638687135753e-07,0.0001195288710377,5.226633341910906e-07,0.0,0.0,0.0,0.0,0.0,0.0,0.0,0.0,7.421018192665123e-05,0.0,0.0003267455439257,2.5562610275239587e-06,0.0,0.0,0.0003712322660796,0.0,0.0,0.0,0.0,0.0,0.0,0.0,0.0,0.0,0.0003388150448478,0.0,0.0,0.0001049114578735,0.0,0.0019529418425117,0.0,0.0,0.0001377505262581,0.0,1.125826932795842e-06,0.0,0.0,0.0002418813406249,0.0,0.0,0.0,0.0,0.0,0.0,2.54146965428118e-07,0.0,0.0,0.0,0.0,0.0,7.163497834443511e-07,0.0,0.0,0.000216243378584,1.236800261789772e-07,0.0,0.0,0.0,0.0,2.4126196078437733e-05,0.0002602755627571,0.0,0.0,1.256241437973559e-07,0.0,0.0,0.0,4.283301339395647e-06,0.0,0.0,0.0,0.0,0.0,0.0,9.478421414480148e-06,0.0,0.0,0.0008321497247376,0.0,0.0,1.2409318457061497e-07,0.0,2.5439100636787534e-07,0.0,1.216122854619341e-07,0.0,0.0,4.785408240892895e-06
55,Souvik,RC025,flow,,,26200.0,1,400,25.0,8.5,160,160,70,70,61.06828299,61.06828299,61.06828299,2.291770403788456e-05,0.00016645317743,0.0,0.0,3.035840634722941e-07,1.8104426154284364e-06,0.0,0.0,0.000857148567859,7.553457625670423e-05,0.0,0.0001162517937987,1.27116739059338e-07,0.0,0.0,0.0,0.0,0.0,0.0,0.0,0.0,6.5941731265516e-05,0.0,0.000636411992596,2.67303627553442e-07,0.0,0.0,0.0003301559461422,0.0,0.0,0.0,0.0,0.0,0.0,0.0,0.0,0.0,0.0003304814872764,0.0,0.0,0.0001166643482731,0.0,0.0018623846861772,0.0,0.0,0.00011839764594,0.0,5.267022021374093e-07,0.0,0.0,0.0002234131740166,0.0,0.0,0.0,0.0,0.0,0.0,0.0,0.0,0.0,0.0,0.0,0.0,1.4589770800816135e-06,0.0,0.0,0.0004059064254476,1.1227340956615668e-05,0.0,0.0,0.0,0.0,2.025317914674286e-05,0.0002746955890638,0.0,0.0,2.72494156237508e-07,0.0,0.0,0.0,6.4280257998833175e-06,0.0,0.0,0.0,0.0,0.0,0.0,2.44676714404608e-06,0.0,0.0,0.0008021902604315,0.0,0.0,2.2015339636015248e-06,0.0,0.0,0.0,0.0,0.0,0.0,3.835120543944834e-06
56,Souvik,RC025,flow,,,30400.0,1,400,25.0,8.5,160,160,70,70,54.4098474,54.4098474,54.4098474,2.331499861136109e-05,0.0001633600947988,0.0,0.0,0.0,1.3297015873398786e-06,0.0,0.0,0.0008876079112121,6.935801361261042e-05,0.0,0.0001172580923367,0.0,0.0,0.0,0.0,0.0,0.0,0.0,0.0,0.0,5.985404144397894e-05,0.0,0.0005564438556697,1.4846720098268145e-07,0.0,0.0,0.0003280465421349,0.0,0.0,0.0,0.0,0.0,0.0,0.0,0.0,0.0,0.0003332853891576,0.0,0.0,9.99527912414242e-05,0.0,0.0018515520137907,0.0,0.0,0.0001128942750129,0.0,4.1446669398726005e-07,0.0,0.0,0.0002318777424326,0.0,0.0,0.0,0.0,0.0,0.0,1.3797674782540912e-07,0.0,0.0,0.0,0.0,0.0,2.1689814138303745e-06,0.0,0.0,0.0003525292403262,3.755007750212728e-06,0.0,0.0,0.0,0.0,1.2851608247083767e-05,0.0002740848603728,0.0,0.0,0.0,0.0,0.0,0.0,7.616109346404925e-06,0.0,0.0,0.0,0.0,0.0,0.0,3.6174917874163214e-06,0.0,0.0,0.0008329063525396,0.0,0.0,9.83957352597279e-07,0.0,0.0,0.0,0.0,0.0,0.0,2.8412647958609638e-06
57,Souvik,RC025,flow,,,34600.0,1,400,25.0,8.5,160,160,70,70,21.64490541,21.64490541,21.64490541,1.605738991302717e-05,9.243595130514064e-05,0.0,0.0,0.0,4.743480417037907e-07,2.703793849898104e-05,0.0,0.0016346427503256,9.095457715203056e-05,3.800061996701345e-07,0.0001255590523545,0.0,0.0,0.0,0.0,0.0,0.0,0.0,0.0,0.0,8.087280232168776e-05,0.0,0.0002629321891239,7.178141130511459e-06,0.0,0.0,0.0003831363682641,0.0,0.0,3.707741578805538e-07,0.0,0.0,0.0,0.0,0.0,0.0,0.0003324339769923,0.0,0.0,0.0001083355851423,0.0,0.0019348679469761,0.0,0.0,0.0001375021782076,0.0,2.4108361169978933e-06,0.0,0.0,0.0002502416653678,0.0,0.0,0.0,0.0,0.0,0.0,6.246545292577732e-07,0.0,0.0,0.0,0.0,0.0,8.163713509934252e-07,0.0,0.0,0.0001624550461035,0.0,0.0,0.0,0.0,0.0,3.1488284594472826e-05,0.0002492593279324,1.208994751693333e-07,0.0,3.9791179003793763e-07,0.0,0.0,0.0,9.344463886431755e-06,0.0,0.0,0.0,1.2929095330759425e-07,0.0,0.0,1.3243816642660686e-05,0.0,0.0,0.000825949870784,0.0,0.0,1.1459555861872833e-07,0.0,0.0,0.0,0.0,0.0,0.0,3.6003850175377173e-06
58,Souvik,RC025,flow,,,38800.0,1,400,25.0,8.5,160,160,70,70,18.35509917,18.35509917,18.35509917,9.322781988605802e-06,7.520658327500677e-05,0.0,0.0,0.0,0.0,5.186315237624785e-05,0.0,0.0019187565820466,8.98950693529757e-05,1.40687402492152e-06,0.0001305239466597,0.0,0.0,0.0,0.0,0.0,0.0,0.0,0.0,0.0,7.838507729222789e-05,0.0,0.0002195018615851,8.585077110846396e-06,0.0,0.0,0.0003905916230083,0.0,0.0,7.491089053592407e-07,0.0,0.0,0.0,0.0,0.0,0.0,0.0003373990429841,0.0,0.0,0.0001125712581653,0.0,0.0019660688997157,0.0,0.0,0.0001473759115405,0.0,1.2717518189775378e-06,0.0,0.0,0.0002488109295861,0.0,0.0,0.0,0.0,0.0,0.0,1.149134288313239e-06,0.0,0.0,0.0,0.0,0.0,1.220280727540321e-06,0.0,0.0,0.0001388553130227,0.0,0.0,0.0,1.2205726998237498e-07,0.0,2.8794015775683307e-05,0.0002495784460613,0.0,0.0,4.032741070610905e-07,0.0,0.0,0.0,9.243009506420703e-06,0.0,0.0,0.0,1.229632201234394e-07,0.0,0.0,1.0473336568691433e-05,0.0,0.0,0.0008155199388778,0.0,0.0,0.0,0.0,0.0,0.0,0.0,0.0,0.0,5.487594485033397e-06
59,Souvik,RC025,flow,,,43000.0,1,400,25.0,8.5,160,160,70,70,48.99573983,48.99573983,48.99573983,2.4002955854957893e-05,0.0001514982783283,0.0,0.0,1.5260952543281858e-07,2.2984432624695145e-06,1.2845827363155545e-07,0.0,0.0009694909182124,8.19686715599019e-05,0.0,0.000115686322985,0.0,0.0,0.0,0.0,0.0,0.0,0.0,0.0,0.0,7.44178961810354e-05,0.0,0.0005161945180926,1.466500699926896e-06,0.0,0.0,0.0003275832415121,0.0,0.0,0.0,0.0,0.0,0.0,0.0,0.0,0.0,0.0003303047066807,0.0,0.0,0.0001025372234075,0.0,0.0018364507659974,0.0,0.0,0.0001124378812475,0.0,1.2468703287298886e-07,0.0,0.0,0.0002287774840577,0.0,0.0,0.0,0.0,0.0,0.0,0.0,0.0,0.0,0.0,0.0,0.0,2.349211530859344e-06,0.0,0.0,0.0003292749796164,6.003763468057416e-06,0.0,0.0,0.0,0.0,1.914436908890457e-05,0.0002639233293923,1.35298436488111e-07,0.0,7.047685593334068e-07,0.0,0.0,0.0,8.620337741164067e-06,2.579526312098019e-07,0.0,0.0,2.529119704086828e-07,0.0,0.0,5.07871349237281e-06,0.0,0.0,0.0008023744535349,1.2340319657223434e-07,0.0,9.202060235198824e-07,0.0,1.273047508576907e-07,0.0,0.0,0.0,0.0,4.3158484042992e-06
