,author,exp_code,type,exp_date,measurement_date,measurement_time,sample,flowrate,T,pH,TKIFKI,TTMHPRL,AVNIPFKVHLRCKAAFC,SSVRWWSDDEWRW,CCFSWRCRC,CCF(pS)WRCRC,IYPFVEPI,1021,1043p4,1043p5,1054,1179,1201,259,262,281,284,296,300,301,323,345,361,383,395,401,415,425,426,435,436,439,447,459,461,470,481,482,497,498,508,510,513,517,519p3,519p7,524,533,535,541,546,550,557,566,568,572p1,572p3,590,594,608,617,617p7,626,628,630,639,644p7,644p9,648,650,663,666,668,670,674,688,699,710,730,730P,732,759,764,766,770,780,781,808,812,830,834,838,841,844,852,855,866,867,874,909,912,923,928,950,960,961,972,980,994,999
0,Souvik,RC061,flow,,,5500,1,400,25,7.4,160,160,100,100,75,75,75,0.006397285,0.004629951,0.001370631,0.000985732,0.002418781,0.005786664,0,0.000876736,0,0.006556099,1.77E-05,0.000970007,1.49E-05,0.000806143,0,3.64E-05,5.91E-05,0,0,0.000886637,4.06E-06,0.008157009,8.25E-05,0.008281024,0.004830073,0,0.000127138,0.004988135,0,0,0.000402558,0.000458068,6.96E-07,0.001850462,0.000917114,0.000466712,0,0,0.00110836,0.002119821,0.000744087,0.005701853,0,0.005445596,0,0.007199754,0.006656059,0.00723893,0.003178969,0,0.003446538,0,0.000631307,0,0.001892271,0.000916533,0.003105735,0.002166553,0.0017988,0.001007566,0.002863764,0.003518723,0.001612309,0.008900366,0.002727131,0.000377105,0.002969329,0.006454953,0.006425712,0.002973642,0.006614595,9.35E-05,0,0.001602378,0.002317503,6.65E-05,0.000936386,0.002478507,0.001678708,0.00175651,0.002899263,0,0.004779035,0,0.001877089,0.001773066,0.000860442,0.003497753,0.002935555,0,0,0.000682948,7.72E-06,0.001534079,0.000906324,0.001343809,0.003121372,0.001243623,0.001377814,0.00375525,0.000367005,0.001808984,0.001362015
1,Souvik,RC061,flow,,,9700,1,400,25,7.4,160,160,60,60,15,15,15,0.001335644,0.000961524,0.002134756,0.001647495,0.000468126,0.001116298,0,0.001386427,0,0.010520081,0.000139251,0.001518208,0.000368304,0.001940542,6.85E-07,0.000411994,0.000448397,0,0,0.000212184,2.86E-05,0.013482903,0.000650078,0.002678863,0.004323063,0,0.00059043,0.00436333,0,5.86E-07,0.000476801,0.000831972,0,0.003015085,0.001002386,0.000599502,6.86E-06,0,0.001842158,0.003607963,0.000169887,0.006191073,0,0.009028718,0,0.007519473,0.006000735,0.011867697,0.001023113,0,0.005647545,0,0.003718249,0,0.003056888,0.00016218,0.005145894,0.012027029,0.002986595,0.001724238,0.002430941,0.00095667,0.002753523,0.002523617,0.004577546,0.00102055,0.000889299,0.002132958,0.010401519,0.004884063,0.01086169,0.000101852,0,0.002532817,0.003756474,0.000225113,0.004690811,0.004184117,0.001386927,0.002911569,0.004682826,0,0.007504196,1.17E-06,0.001583383,0.002955474,0.000119631,0.005571538,0.001998123,7.37E-07,6.20E-07,0.000948937,5.31E-06,0.002547833,0.001463335,0.002163007,0.005117755,3.89E-05,0.002181597,0.005977872,1.46E-05,0.002848943,0.000255169
2,Souvik,RC061,flow,,,13900,1,400,25,7.4,160,160,40,40,55,55,55,0.004346034,0.003038036,0.001930349,0.001458748,0.001550521,0.004229075,0,0.001195194,0,0.008936802,4.00E-05,0.001339037,0.000271327,0.001677671,8.44E-07,0.000120492,0.000158208,0,0,0.000843563,1.85E-06,0.011800875,0.000479527,0.006859923,0.004283761,0,0.000488013,0.00430678,0,7.06E-07,0.000279804,0.000731704,5.76E-07,0.002673351,0.000920922,0.000230367,1.33E-06,0,0.001617302,0.003117741,0.000873316,0.003603083,0,0.007757913,0,0.004301566,0.005585941,0.010306522,0.00252068,0,0.00490699,0,0.00269456,0,0.002687207,0.000735335,0.004463309,0.008487985,0.002632819,0.001496985,0.002229847,0.002446781,0.002428172,0.007200111,0.00397627,0.00076722,0.002166965,0.005872792,0.009028668,0.004290353,0.009401197,0.000140929,0,0.002214099,0.003362701,0.000147141,0.003384609,0.003685736,0.00130799,0.002551489,0.004083323,0,0.006357204,2.51E-06,0.001443479,0.002600729,0.000671045,0.004906722,0.002097891,6.10E-07,1.33E-06,0.000892769,1.31E-06,0.002220535,0.001279377,0.001908863,0.00451963,0.000631555,0.001905905,0.005219624,0.000211485,0.00248747,0.001092882
3,Souvik,RC061,flow,,,18100,1,400,25,7.4,160,160,80,80,35,35,35,0.002714665,0.001879948,0.001866584,0.001348202,0.001019857,0.00273659,0,0.001296202,0,0.009694992,8.71E-05,0.001535802,0.000207091,0.001631224,7.21E-07,0.000320592,0.000363808,0,0,0.000543014,1.39E-05,0.012350094,0.00075921,0.004478488,0.004772418,0,0.000464379,0.004736946,0,0,0.000476574,0.000718343,0,0.002651975,0.000922269,0.000618848,0,0,0.001612268,0.003272777,0.000515517,0.006112273,0,0.008075748,0,0.007479191,0.006901693,0.010471426,0.001739477,0,0.005059622,0,0.002939843,0,0.002769233,0.000315424,0.004577076,0.009128991,0.002667499,0.00155801,0.002756942,0.001257956,0.002387985,0.005220849,0.004241124,0.001184013,0.001116613,0.004101996,0.009423949,0.00433097,0.00952368,8.40E-05,0,0.002262351,0.003401083,0.000152013,0.003752164,0.003600848,0.001658411,0.002460836,0.004233704,0,0.006531999,0,0.001835633,0.002511826,0.000383715,0.004892425,0.002349155,0,0,0.000901323,1.03E-05,0.00214675,0.001225441,0.00202567,0.004530497,0.00027208,0.001922071,0.005196685,6.33E-05,0.002346243,0.00076602
4,Souvik,RC061,flow,,,22300,1,400,25,7.4,160,160,40,40,35,35,35,0.002070863,0.001469981,0.002192426,0.001612692,0.000737942,0.002737645,0,0.001420532,0,0.010725934,9.72E-05,0.001625937,0.000510948,0.002227579,4.90E-06,0.000321299,0.000362797,0,0,0.000654366,5.32E-06,0.014008208,0.000936687,0.005134337,0.004254919,0,0.000662978,0.004330479,0,2.69E-06,0.000241691,0.000862264,6.72E-07,0.003018656,0.000958216,0.000154066,5.75E-06,0,0.001851076,0.003736463,0.00047466,0.002914149,0,0.009173279,0,0.00367831,0.005496024,0.012018082,0.001858994,0,0.005743209,0,0.003210197,0,0.003113722,0.000226788,0.005215435,0.009819943,0.003042291,0.001761841,0.002161729,0.001065607,0.002784857,0.005534286,0.004789595,0.001086131,0.0009608,0.004578089,0.010731473,0.005068066,0.010844372,0.000109981,0,0.00257952,0.003966977,0.000156361,0.003768991,0.004228147,0.001261403,0.002871733,0.004864428,0,0.007491277,6.40E-07,0.001410793,0.002946701,0.000446463,0.00558242,0.001947524,0,1.47E-06,0.000991836,7.62E-07,0.002476965,0.001428643,0.002261848,0.005222552,0.000102675,0.002240363,0.005999943,8.92E-05,0.002750972,0.000565593
5,Souvik,RC061,flow,,,26500,1,400,25,7.4,160,160,80,80,75,75,75,0.004852774,0.003325117,0.001517512,0.001064479,0.001853487,0.005362799,0,0.001008432,0,0.007717158,4.75E-05,0.001295898,2.19E-05,0.000787583,0,0.000135512,0.000189512,0,0,0.000904136,1.09E-05,0.010027627,0.000592353,0.006870984,0.005197058,0,0.000104621,0.004999989,0,0,0.00029261,0.000585037,0,0.002090689,0.000883793,0.000432114,0,0,0.00125403,0.00259683,0.000832851,0.004693067,0,0.006405628,0,0.005691088,0.00686307,0.008469416,0.002657673,0,0.004112427,0,0.000997557,0,0.00220719,0.00057081,0.003599906,0.002967481,0.002105727,0.001237717,0.002741528,0.001839567,0.001853885,0.008845095,0.003395021,0.001048635,0.001549037,0.006572257,0.007513598,0.00347694,0.007516886,0.00010696,0,0.001840178,0.00272866,0.000148838,0.00128704,0.002846753,0.001645355,0.001923337,0.003469103,0,0.005259013,0,0.001821211,0.001991918,0.000725836,0.003895192,0.002925859,0,0,0.000766794,6.01E-06,0.001682413,0.000958882,0.001646016,0.003744433,0.000859786,0.001530598,0.004155277,0.000276511,0.00192474,0.001318864
6,Souvik,RC061,flow,,,30700,1,400,25,7.4,160,160,60,60,55,55,55,0.003491482,0.002345571,0.00171745,0.001241343,0.001297188,0.004331389,0,0.001178006,0,0.008686544,6.74E-05,0.001463087,0.000116296,0.001272641,0,0.00022313,0.000249638,0,0,0.000797579,1.35E-05,0.011695441,0.000789891,0.006071331,0.004835682,0,0.000329802,0.004550273,0,0,0.000284267,0.000691479,0,0.002376266,0.000859117,0.000390544,7.40E-07,0,0.001433873,0.00307645,0.000693149,0.004180487,0,0.007360632,0,0.005055668,0.006471842,0.009879339,0.002333871,0,0.004723017,0,0.002341614,0,0.002534037,0.000428116,0.004116262,0.006809279,0.002376705,0.001460051,0.002513081,0.001382324,0.002172277,0.007539581,0.004041444,0.001086451,0.001201512,0.005784436,0.008539185,0.004029767,0.00859217,0.000107639,0,0.002097552,0.003126487,0.000122143,0.002831396,0.00327434,0.00151648,0.002195498,0.004068271,0,0.005921268,6.62E-07,0.001623584,0.002326616,0.000625705,0.004448216,0.002500944,0,1.31E-06,0.000872314,3.73E-06,0.001951517,0.001085012,0.001903423,0.004389538,0.000468192,0.001777465,0.004722082,0.000185172,0.002163974,0.000991131
7,Souvik,RC061,flow,,,34900,1,400,25,7.4,160,160,80,80,15,15,15,0.000875891,0.000591496,0.001925044,0.001413998,0.00020023,0.001094376,0,0.001410083,0,0.010636336,0.00021997,0.001837965,0.000382426,0.001821742,7.63E-07,0.000511347,0.000573995,0,0,0.000152289,7.41E-05,0.014110043,0.001258538,0.002198574,0.004759487,0,0.000573975,0.004587686,0,0,0.00042406,0.000852236,0,0.002748049,0.000908422,0.000555505,6.91E-07,0,0.001684253,0.003676139,4.40E-05,0.004676652,0,0.008875437,0,0.005861294,0.007239845,0.011756854,0.000892052,0,0.005533827,0,0.003284755,0,0.003008417,3.75E-06,0.004938291,0.009535944,0.002815348,0.001797785,0.002735204,0.000191404,0.002546333,0.002681042,0.004904669,0.001415282,0.000165938,0.002167783,0.010335914,0.004728681,0.010140734,6.83E-05,0,0.00239912,0.003673684,0.00012159,0.00389464,0.003847457,0.001654824,0.002536862,0.004838268,0,0.007035955,0,0.001819293,0.002699108,6.07E-05,0.005136565,0.002277912,6.79E-07,6.63E-07,0.000924612,2.40E-06,0.002195068,0.001231454,0.002304773,0.005140079,2.45E-06,0.002070326,0.005509533,5.92E-06,0.002395315,0.000107322
8,Souvik,RC061,flow,,,39100,1,400,25,7.4,160,160,100,100,35,35,35,0.001977068,0.001340517,0.001631937,0.001171892,0.0007579,0.002478394,0,0.0012334,0,0.009282341,0.000155959,0.001684028,0.000176926,0.001479236,0,0.000397218,0.000426902,0,0,0.000443312,5.65E-05,0.012099849,0.001007954,0.003476748,0.00518602,0,0.000389473,0.004813659,0,0,0.000456713,0.000715917,0,0.00234163,0.000847467,0.000668202,0,0,0.001426721,0.003248098,0.000301991,0.005620241,0,0.00777123,0,0.006819799,0.007798849,0.010147299,0.001409878,6.73E-07,0.004785911,0,0.002693155,0,0.002588581,5.05E-05,0.004158117,0.007450933,0.002443014,0.001551086,0.003011813,0.000628589,0.00211272,0.005099241,0.004159938,0.001399098,0.000544818,0.003889878,0.008815617,0.003988812,0.008573823,6.15E-05,0,0.002072133,0.003169418,0.000140701,0.003254078,0.003198572,0.001823279,0.002098296,0.00414438,0,0.006004276,7.32E-07,0.001992381,0.002235684,0.000280038,0.004305703,0.002671344,0,6.76E-07,0.000834529,1.38E-05,0.001828927,0.00102457,0.002005828,0.004402533,0.00010073,0.001732116,0.004626444,3.29E-05,0.001961241,0.000621895
9,Souvik,RC061,flow,,,43300,1,400,25,7.4,160,160,60,60,35,35,35,0.001757052,0.001208034,0.00192018,0.001385812,0.000636905,0.00264226,0,0.001340817,0,0.010186355,0.000203553,0.00168848,0.000324825,0.001689392,2.12E-06,0.000361888,0.000373465,0,0,0.000590339,1.47E-05,0.013517451,0.001064331,0.00427531,0.004777089,0,0.000517491,0.004563134,0,1.51E-06,0.000336856,0.000814935,0,0.002626723,0.000880512,0.00032316,1.56E-06,0,0.001617451,0.003570024,0.000310003,0.003610669,0,0.008584914,0,0.004413461,0.006486025,0.01124086,0.001637729,0,0.005261822,0,0.002987014,0,0.00290435,5.57E-05,0.004716583,0.008528755,0.002763972,0.00167061,0.002458058,0.000658034,0.002465683,0.005461264,0.004718404,0.001244648,0.000577489,0.004382258,0.009744773,0.004575012,0.009627547,0.00010009,0,0.002335248,0.003548215,0.00012975,0.003446727,0.003665021,0.001500181,0.00244022,0.004654567,0,0.006726081,6.77E-07,0.00163727,0.002566859,0.000356866,0.004860309,0.002274926,0,2.06E-06,0.000911173,3.02E-06,0.002114886,0.001175407,0.002189413,0.004923953,6.51E-05,0.001985519,0.005228125,7.89E-05,0.002288703,0.000510978
10,Souvik,RC061,flow,,,47500,1,400,25,7.4,160,160,80,80,55,55,55,0.002902379,0.001932639,0.001532492,0.001087331,0.0011141,0.003994396,0,0.001136505,0,0.008485146,0.000155562,0.001499774,0.000107406,0.001129226,0,0.000229984,0.000274849,0,0,0.0007781,8.08E-06,0.01134842,0.000856849,0.00527776,0.005193944,0,0.000278201,0.004682889,0,0,0.000351465,0.000648736,0,0.002113866,0.000834461,0.000479185,0,0,0.001293613,0.002999874,0.000577389,0.004316,0,0.007208534,0,0.005119813,0.006946147,0.009312692,0.00206752,0,0.004346667,0,0.002051844,0,0.002410734,0.000212973,0.003788938,0.005578747,0.002191625,0.001421223,0.002730588,0.000969462,0.001940694,0.007333072,0.003910257,0.001159911,0.000855955,0.005588503,0.008118399,0.003627529,0.007841752,9.18E-05,0,0.001958807,0.002849403,0.000146215,0.002406231,0.00291754,0.001605791,0.001926629,0.003946699,0,0.005563077,1.30E-06,0.001750519,0.002057826,0.000575842,0.003957063,0.002824338,0,0,0.000780259,5.50E-06,0.001680789,0.000926987,0.001849892,0.004190205,0.000363332,0.001597922,0.004227915,0.000169065,0.00190639,0.000919805
11,Souvik,RC061,flow,,,51700,1,400,25,7.4,160,160,40,40,75,75,75,0.003765855,0.002390287,0.001436406,0.00102291,0.001345086,0.005645908,0,0.001018993,0,0.007488345,0.000117042,0.001330542,0.000127121,0.00104252,1.11E-06,0.000140424,0.000127863,0,0,0.0010487,0,0.010307495,0.000693459,0.007363546,0.004557178,0,0.000265807,0.004215232,0,0,6.91E-05,0.000590696,0,0.001877832,0.000751784,0.000141663,0,0,0.001192071,0.002794977,0.000714308,0.002275465,0,0.006409099,0,0.002781465,0.00526733,0.008910073,0.002855433,0,0.004306193,0,0.001618809,0,0.00215432,0.000505938,0.003541398,0.004529455,0.001994245,0.001365621,0.002008971,0.001397739,0.0017507,0.00896475,0.00364776,0.000779598,0.001217861,0.006914049,0.007563396,0.00339488,0.007337827,0.000154841,0,0.001887332,0.00266895,0.000179139,0.001867049,0.002691149,0.00125447,0.001798655,0.003700589,0,0.005382865,2.75E-06,0.001312906,0.001912825,0.000760446,0.003848955,0.002448703,5.29E-07,0,0.000768685,6.46E-07,0.001588128,0.00089942,0.00183311,0.0038893,0.000522501,0.00155781,0.004140408,0.00034057,0.001729398,0.001108115
12,Souvik,RC061,flow,,,55900,1,400,25,7.4,160,160,60,60,75,75,75,0.003998155,0.002586564,0.001422041,0.001001356,0.001489641,0.005443254,0,0.001019607,0,0.007640821,0.000123538,0.001324312,2.74E-05,0.000793375,0,0.000110848,0.000121728,0,0,0.000988161,3.12E-06,0.010287096,0.000679404,0.007066921,0.005070371,5.35E-07,0.00010864,0.004557581,0,0,0.000115538,0.000563936,0,0.001902999,0.000820267,0.000279754,0,0,0.0011971,0.002739439,0.000770916,0.003053567,0,0.006485898,0,0.003576092,0.006032307,0.008496328,0.002769148,0,0.004058487,0,0.001279881,0,0.002171725,0.000476657,0.003447011,0.003409127,0.002023084,0.001313356,0.002348808,0.001401518,0.001775394,0.00900877,0.003573314,0.000807541,0.001188365,0.00681539,0.007516524,0.003357724,0.007254828,0.000129184,0,0.001818479,0.002642228,0.000129107,0.001494809,0.002652574,0.001384407,0.001750652,0.003562516,0,0.005131477,1.21E-06,0.001523612,0.001878986,0.00075332,0.003736778,0.002857704,0,0,0.000758208,3.62E-06,0.001552793,0.000857312,0.001745642,0.003837022,0.000622517,0.001479,0.003950521,0.000326995,0.001734337,0.001228921
13,Souvik,RC061,flow,,,60100,1,400,25,7.4,160,160,100,100,55,55,55,0.003142405,0.002134062,0.00138656,0.000966554,0.001173515,0.003871632,0,0.001076679,0,0.008296194,0.00018124,0.001496501,5.04E-05,0.000871278,0,0.000176403,0.000181338,0,0,0.000806656,1.09E-05,0.010747757,0.000822466,0.005588967,0.005497355,0,0.000160736,0.004967395,0,0,0.000441753,0.000568131,0,0.001926622,0.000862958,0.000658544,0,0,0.001178503,0.002858709,0.000585698,0.005569221,0,0.006850276,0,0.006387861,0.007328117,0.008585619,0.002247986,0,0.004016364,0,0.001603172,0,0.002346109,0.000306206,0.003603305,0.004367918,0.002072867,0.001369062,0.002957566,0.001117186,0.001828526,0.007471658,0.003691115,0.000977426,0.000925853,0.005513893,0.007780759,0.003434042,0.007401323,7.49E-05,0,0.001902217,0.002691434,9.10E-05,0.001850069,0.002711855,0.001688501,0.001758078,0.003763879,0,0.005428509,1.39E-06,0.001840518,0.001838097,0.000618949,0.003671283,0.003194837,0,0,0.000735808,3.05E-06,0.001502698,0.00083663,0.001813984,0.003947548,0.000438265,0.001506469,0.003934062,0.000166397,0.001787237,0.001011577
14,Souvik,RC061,flow,,,64300,1,400,25,7.4,160,160,40,40,15,15,15,0.000116017,2.95E-05,0.002071167,0.001442895,2.51E-06,0.00064322,0,0.001650884,0,0.012746894,0.000562481,0.002044122,0.001030438,0.003105928,0.000121041,0.000572247,0.000507595,0,1.18E-06,0.00028996,1.51E-06,0.017389599,0.001553103,0.002507604,0.003059766,0,0.000913581,0.003259215,0,4.44E-05,6.72E-05,0.001009538,0,0.003004506,0.000740237,3.40E-05,1.78E-05,0,0.001869647,0.004627984,2.08E-06,0.001498046,0,0.011118704,0,0.002173588,0.004623081,0.013851653,0.000951127,0,0.006288414,0,0.002628238,0,0.003704876,8.02E-07,0.005697528,0.006908599,0.003354915,0.002156751,0.001728992,3.58E-05,0.002853461,0.002400753,0.006095286,0.000697946,4.44E-05,0.002193808,0.01247295,0.005393084,0.01156051,3.38E-05,0,0.002695911,0.004316569,2.05E-05,0.002602544,0.004305389,0.000980626,0.002715873,0.006016697,0,0.008023466,5.21E-06,0.001072872,0.002884265,9.82E-05,0.005461925,0.001184278,0,5.30E-06,0.000950614,0,0.002335058,0.001209356,0.002793272,0.006215671,0,0.002306499,0.006042362,6.53E-06,0.00247838,2.96E-06
15,Souvik,RC061,flow,,,68500,1,400,25,7.4,160,160,100,100,15,15,15,0,0,0.001792478,0.00121497,0,6.79E-07,0,0.001962183,0,0.014647722,0.001908111,0.002570707,0.003050382,0.007470582,0.000704609,0.000933927,0.000814322,0,3.34E-05,8.19E-07,0,0.019628632,0.006832469,0.000560712,0.001003809,0,0.002125272,0.001238561,0,0.000474067,2.41E-05,0.001166252,0,0.002766248,0.000167852,7.67E-07,0.000205136,0,0.001797667,0.005439947,0,0.000725791,0,0.012544641,0,0.001067479,0.004414903,0.015316694,5.00E-05,0,0.006599839,0,0.001795057,0,0.004160049,0,0.005917273,0.004147021,0.003436287,0.002481156,0.001659309,0,0.002681064,0.000283218,0.007127782,0.002044227,0,0.000269991,0.01344017,0.00540943,0.011395295,0,0,0.002761124,0.004402254,6.84E-07,0.001569601,0.004029475,0.000913813,0.002407586,0.007059954,0,0.008255828,6.48E-07,0.000952097,0.00260533,1.58E-06,0.005032206,0.00047886,0,0.000111312,0.000897835,0,0.001938748,0.000956241,0.003297652,0.00679249,0,0.002292136,0.005657102,6.97E-07,0.002063082,0
16,Souvik,RC061,flow,,,72700,1,400,25,7.4,160,160,52.6279,52.6279,74.66069,74.66069,74.66069,0.001046704,0.00065009,0.001310435,0.000850727,0.000241654,0.002419711,0,0.001544662,0,0.010919322,0.001154203,0.002026189,0.001820334,0.004429925,0.000298152,0.000619682,0.00048539,0,7.36E-06,0.001153511,0,0.014233593,0.004022537,0.006828103,0.003202177,0,0.001340387,0.003611172,0,0.000160927,5.40E-05,0.000862584,0,0.001900404,0.000644745,2.84E-06,2.46E-05,0,0.001232707,0.004295893,0.000312578,0.000894181,0,0.009325355,0,0.001217575,0.004044064,0.011202237,0.002591908,0,0.004949994,0,0.001204467,0,0.003032226,0.00010229,0.004289087,0.002564366,0.002515275,0.002037583,0.001548834,0.000496188,0.001848927,0.009069185,0.005420866,0.001856524,0.000405373,0.00807577,0.009889471,0.003915842,0.008287522,7.33E-05,0,0.002106817,0.003180628,7.70E-06,0.001062082,0.002870621,0.000865066,0.00162141,0.005278167,7.53E-07,0.00614743,2.64E-05,0.000876194,0.00180984,0.000625046,0.003695983,0.001125633,2.26E-06,1.38E-05,0.000751217,0,0.001368028,0.000651942,0.002678775,0.004965404,0,0.001674996,0.004089261,0.000142025,0.001454917,0.000413755
17,Souvik,RC061,flow,,,76900,1,400,25,7.4,160,160,41.488945,41.488945,69.604435,69.604435,69.604435,0.000685,0.000357834,0.001145909,0.000716726,8.96E-05,0.003515805,0,0.001367428,0,0.009861698,9.72E-05,0.001737362,0.001108706,0.002576763,0.000108349,5.99E-05,4.22E-05,0,0,0.001879414,0,0.012658618,0.001100932,0.013161376,0.001815269,0,0.000736915,0.00221352,0,3.91E-05,0,0.000805208,0,0.001666284,0.00030501,0,2.90E-06,0,0.001115135,0.003852756,0.000142932,2.63E-05,0,0.008316165,0,9.83E-05,0.003124888,0.009942318,0.004627646,0,0.004373547,0,0.000421245,0,0.002753406,0.000353857,0.003850531,0.001001981,0.002239363,0.001828867,0.001190105,0.000842422,0.001627936,0.012657304,0.004955967,1.21E-05,0.000737585,0.011561648,0.008838,0.003578487,0.007311527,0.000329167,0,0.001898977,0.002870829,3.41E-06,0.000388001,0.002541595,0.000658457,0.001421268,0.004809738,5.29E-05,0.005403428,0.000484081,0.000631695,0.001578747,0.001042679,0.003225335,0.000663988,1.28E-06,1.32E-06,0.000652963,0,0.001201986,0.000558185,0.002459058,0.004483932,0,0.001487758,0.003556455,0.000387142,0.001274454,0.00015505
18,Souvik,RC061,flow,,,81100,1,400,25,7.4,160,160,91.500151,91.500151,60.840813,60.840813,60.840813,0.0005466,0.000214869,0.001088375,0.000661834,2.66E-05,0.003236121,0,0.001361166,0,0.009805913,2.91E-06,0.001809032,0.001091133,0.002408548,7.18E-05,1.55E-05,1.94E-05,0,7.68E-07,0.001934506,0,0.012567526,0.000232275,0.013898066,0.001350066,0,0.000718334,0.00169236,0,2.06E-05,0,0.000780793,0,0.001595478,0.000169343,0,0,0,0.001067699,0.003880368,8.95E-05,0,0,0.008336395,0,0,0.00291141,0.009659692,0.004793153,0,0.004215191,0,0.000212336,0,0.002782711,0.000376594,0.003784538,0.000735153,0.002191835,0.001867417,0.001165082,0.000804509,0.001556305,0.013841628,0.004995174,0,0.000702601,0.012721072,0.00884898,0.00348591,0.007063531,0.00040242,0,0.001865599,0.002774261,1.41E-06,0.000218145,0.002433187,0.000597507,0.001315356,0.004875973,0.000196964,0.005276009,0.000808763,0.000568317,0.00148233,0.001077609,0.003028801,0.000490553,0,7.05E-07,0.000636415,0,0.001141897,0.00049749,0.002482007,0.004458012,0,0.001440389,0.003394456,0.000373589,0.001207224,8.64E-05
19,Souvik,RC062,flow,,,85300,1,400,25,7.4,160,160,97.934539,97.934539,70.061221,70.061221,70.061221,0.003336685,0.002006292,0.000524169,0.000348219,0.000895024,0.003702526,0,0.00081755,0,0.004793404,0.000247764,0.000851419,0.000102641,0.000445932,3.63E-06,0.000164332,0.000151728,0,3.30E-07,0.000575752,4.70E-05,0.005568714,0.000308682,0.004348639,0.003195863,9.20E-07,0.000127883,0.002180821,0,1.48E-06,0.000255116,0.000290233,1.04E-07,0.00085402,0.000625484,0.000294442,2.85E-06,0,0.000494976,0.001624089,0.000416113,0.002855069,0,0.004071202,0,0.002764794,0.002278658,0.004522484,0.001468107,0,0.001784746,1.06E-07,0.000218177,3.54E-07,0.00102222,0.000533038,0.001628507,0.000557986,0.000861647,0.000802321,0.000891014,0.001434021,0.00072201,0.004571451,0.001929452,0.000328977,0.001446367,0.003971327,0.003772471,0.00145917,0.003072227,0.000149489,0,0.000762352,0.001128772,0.000128456,0.000242332,0.001097208,0.000523393,0.000702413,0.001752469,1.03E-06,0.002557758,3.28E-05,0.000672878,0.000746199,0.000379301,0.001419026,0.001749262,1.43E-06,1.30E-06,0.000243111,5.75E-05,0.000599931,0.00032496,0.000836813,0.001638488,0.000357287,0.000625834,0.001565854,0.000188355,0.000619534,0.000713782
20,Souvik,RC062,flow,,,89500,1,400,25,7.4,160,160,85.739408,85.739408,25.193841,25.193841,25.193841,0.001469796,0.000833162,0.000777918,0.000527715,0.000432561,0.001336839,0,0.001008686,0,0.00632783,0.000312893,0.001220348,0.000183187,0.000700143,1.66E-05,0.000240151,0.00021835,0,9.01E-07,0.000255502,0.00016243,0.007905369,0.000528127,0.001715517,0.002796068,1.55E-07,0.000211691,0.001913788,0,8.57E-06,0.000380917,0.000438503,0,0.001219086,0.000501524,0.000497645,5.97E-06,0,0.000722815,0.002232454,0.000236886,0.004165853,1.54E-07,0.005769897,0,0.00406588,0.003019885,0.006603754,0.000636659,0,0.002658152,3.49E-07,0.001329229,0,0.001526511,0.000216077,0.002388361,0.003480094,0.001310181,0.001117388,0.001160949,0.000535115,0.001078785,0.002133927,0.002815144,0.000590004,0.000526477,0.001885471,0.005621666,0.002174382,0.004633934,0.000152292,1.49E-07,0.001135328,0.001720332,0.000140108,0.001439651,0.001669286,0.000692235,0.001048113,0.002612466,3.36E-07,0.003755388,4.54E-06,0.000918922,0.001126503,0.000194563,0.002153076,0.001428941,6.13E-07,5.65E-06,0.000342819,6.57E-05,0.000899779,0.000479482,0.001246435,0.002470318,0.000126528,0.00095681,0.002414351,9.99E-05,0.000904698,0.000359231
21,Souvik,RC062,flow,,,93700,1,400,25,7.4,160,160,56.93932,56.93932,59.757468,59.757468,59.757468,0.003446671,0.002089288,0.00086015,0.000587331,0.000970479,0.003247071,0,0.000976065,0,0.006213011,0.000283968,0.00110266,0.000179967,0.000802193,1.13E-05,0.000168401,0.000163302,0,7.25E-07,0.000489741,9.11E-05,0.007591207,0.000442822,0.003492451,0.003280375,1.76E-07,0.000224384,0.002409698,2.06E-07,3.47E-06,0.000296619,0.000432866,1.65E-07,0.001314375,0.000635582,0.000338038,2.95E-06,0,0.000770963,0.002095413,0.000495768,0.003277011,0,0.005513748,0,0.003222423,0.003160262,0.006481328,0.001213636,0,0.002675331,0,0.001090396,0,0.001514372,0.00040026,0.002478066,0.003112404,0.001307482,0.001037603,0.001246844,0.00109345,0.001158055,0.004241683,0.002637615,0.00048143,0.001110732,0.003734806,0.005309905,0.002207148,0.004664846,0.000190542,0,0.001160482,0.00172762,0.000152086,0.001259725,0.001747645,0.0007322,0.001148579,0.002495025,1.73E-07,0.003801925,4.58E-06,0.000932352,0.00120009,0.000346403,0.002230275,0.001721484,7.54E-07,3.20E-06,0.000375866,3.67E-05,0.000970544,0.000538758,0.001146071,0.002421071,0.000365208,0.000990701,0.002448427,0.000183814,0.001004997,0.000733871
22,Souvik,RC062,flow,,,97900,1,400,25,7.4,160,160,55.965852,55.965852,29.706862,29.706862,29.706862,0.001402621,0.0007999,0.001030324,0.000716693,0.000401702,0.001645937,0,0.001151562,0,0.007560798,0.000474718,0.001332845,0.000322486,0.001216398,5.06E-05,0.000229988,0.000212314,0,3.36E-06,0.000363236,6.80E-05,0.009543708,0.000645567,0.002440618,0.002972872,2.02E-07,0.000332577,0.002176348,0,1.94E-05,0.000322274,0.000562379,0,0.001584679,0.000581999,0.000337067,1.47E-05,0,0.000949795,0.002602642,0.000260056,0.002966332,0,0.006917304,0,0.002937074,0.002909286,0.008156671,0.000860085,0,0.003332634,0,0.001735288,0,0.001913337,0.000240288,0.0030834,0.004633717,0.001676925,0.001284812,0.001139754,0.00058207,0.001417255,0.002781455,0.003376954,0.000577954,0.000584996,0.002505172,0.0068793,0.002813369,0.005763357,0.000167483,1.97E-07,0.001449657,0.002180651,0.000152648,0.001841281,0.002158068,0.000651146,0.001378841,0.003195895,2.01E-07,0.004744849,1.31E-05,0.000847757,0.001472203,0.000248531,0.002721375,0.001354905,3.87E-07,1.39E-05,0.00043738,1.36E-05,0.001179935,0.000626273,0.001482335,0.003081984,0.000112498,0.001249925,0.003041726,0.000125799,0.001184376,0.000335326
23,Souvik,RC062,flow,,,102100,1,400,25,7.4,160,160,66.855843,66.855843,50.724769,50.724769,50.724769,0.003060053,0.001743834,0.000943261,0.000641552,0.000894881,0.003164022,0,0.001095544,0,0.006888649,0.000477293,0.001326528,0.00025237,0.001047462,1.13E-05,0.000204174,0.000185524,0,0,0.000562839,6.72E-05,0.008319801,0.000628175,0.003754082,0.003586415,0,0.000302824,0.002712272,0,4.43E-06,0.000371885,0.000496194,0,0.001431793,0.000626243,0.000416733,4.29E-06,0,0.000844258,0.002424314,0.000485604,0.003759531,0,0.006261157,0,0.003761724,0.003669391,0.007242518,0.00138424,0,0.003021734,0,0.001246098,0,0.001687514,0.000417749,0.002747554,0.003381473,0.001510778,0.001229734,0.001483546,0.001026491,0.001251678,0.004749754,0.003058931,0.000635894,0.001006878,0.00389961,0.006217088,0.002498764,0.005193007,0.000174886,0,0.001346271,0.001938714,0.000164598,0.001421022,0.001931467,0.000878966,0.001225889,0.002833569,0,0.004255391,3.27E-06,0.001124189,0.001322845,0.000400285,0.002476676,0.00180045,2.56E-07,5.06E-06,0.000437108,1.51E-05,0.001089153,0.00058348,0.001384803,0.002699347,0.000298491,0.001116278,0.002772106,0.000208557,0.001102803,0.000726046
24,Souvik,RC062,flow,,,106300,1,400,25,7.4,160,160,79.603403,79.603403,23.204166,23.204166,23.204166,0.001246126,0.000725637,0.001019113,0.000699632,0.000388926,0.001361167,0,0.001212754,0,0.007736259,0.000635818,0.001479063,0.000319855,0.001250353,2.23E-05,0.000252418,0.00024278,0,4.89E-07,0.000304307,0.00012182,0.009566848,0.000788361,0.001982789,0.003424316,5.02E-07,0.000358929,0.002570058,0,1.10E-05,0.000487098,0.00057404,0,0.001573587,0.0006147,0.000524729,1.10E-05,0,0.000931754,0.002691976,0.000222612,0.004534373,0,0.00711293,0,0.004443009,0.003970743,0.008265273,0.000750615,0,0.003362458,0,0.001898421,0,0.001963365,0.000173949,0.003076569,0.004883069,0.001660699,0.001349385,0.001572007,0.000451738,0.001403101,0.002591475,0.003420966,0.000857649,0.000452022,0.002197522,0.006905417,0.002773122,0.005784458,0.000157293,2.46E-07,0.00146982,0.002159562,0.000177346,0.002060463,0.002116518,0.000931983,0.001357436,0.003262294,0,0.004777138,2.43E-06,0.001188612,0.001454453,0.00022865,0.002733629,0.001704395,2.87E-07,8.01E-06,0.000459923,2.89E-05,0.001165516,0.000629741,0.001531147,0.003110378,7.85E-05,0.001243573,0.003026155,7.94E-05,0.001195948,0.000327341
25,Souvik,RC062,flow,,,110500,1,400,25,7.4,160,160,69.144743,69.144743,32.142748,32.142748,32.142748,0.001767851,0.001017972,0.001004756,0.000692854,0.000541004,0.0019722,0,0.00119808,0,0.007512233,0.000619776,0.001439915,0.000296272,0.00120613,2.21E-05,0.000235054,0.00022252,0,5.15E-07,0.000385344,9.11E-05,0.009384563,0.000755728,0.002461141,0.003470726,2.36E-07,0.000347023,0.00260659,0,7.28E-06,0.000418944,0.000568293,0,0.00155227,0.000623214,0.000455984,6.54E-06,0,0.000934143,0.002663046,0.000312287,0.003936821,0,0.007008602,0,0.003877915,0.003863434,0.008121319,0.000928177,2.95E-07,0.003307038,0,0.001695508,0,0.001932115,0.000244421,0.00303804,0.004396622,0.001679011,0.001340332,0.001512836,0.000584966,0.001400333,0.003397782,0.003342444,0.000776318,0.000579485,0.002871468,0.006840446,0.002745657,0.00571215,0.00016276,0,0.001437592,0.002131416,0.000180497,0.001876286,0.002099817,0.00088663,0.001338756,0.003210665,4.73E-07,0.0046593,4.31E-06,0.001155101,0.001451504,0.000275879,0.002679888,0.001727618,5.15E-07,4.97E-06,0.000463212,2.24E-05,0.001164899,0.000626406,0.001502511,0.003058892,0.000153293,0.00122323,0.003015199,0.000119036,0.001182893,0.000445748
26,Souvik,RC062,flow,,,114700,1,400,25,7.4,160,160,94.40064,94.40064,43.944711,43.944711,43.944711,0.002690155,0.001573764,0.000892878,0.00061116,0.000844457,0.002754217,0,0.001137174,0,0.00704834,0.000605906,0.001416378,0.000221375,0.001013551,4.30E-06,0.000221297,0.000217233,0,8.90E-07,0.000461351,0.000116009,0.008461558,0.000744611,0.0029452,0.003976787,0,0.000301891,0.002984101,0,2.19E-06,0.000455331,0.000501076,0,0.001362458,0.00065573,0.000603299,2.28E-06,0,0.00081815,0.002459813,0.000441465,0.005232441,0,0.006399117,0,0.004980765,0.004557379,0.007350476,0.001142166,0,0.002969351,0,0.001122203,0,0.001750999,0.000325343,0.00270926,0.002821664,0.001474715,0.001238449,0.001817456,0.000791283,0.001207982,0.00449307,0.003044562,0.0008411,0.000786534,0.003612002,0.006101466,0.002396804,0.005015893,0.0001452,0,0.00130106,0.001894869,0.000170009,0.00124962,0.001832881,0.00107285,0.001172402,0.002893768,0,0.004153329,2.33E-06,0.001395563,0.001244953,0.000334767,0.002367438,0.002127745,3.96E-07,2.92E-06,0.000425143,4.33E-05,0.001022811,0.000545213,0.001370495,0.002712705,0.000289958,0.001067929,0.002610568,0.000147746,0.001066344,0.000696983
27,Souvik,RC062,flow,,,118900,1,400,25,7.4,160,160,54.3048,54.3048,49.497394,49.497394,49.497394,0.002753669,0.001556599,0.000944476,0.000641378,0.000791416,0.003107452,0,0.001099712,0,0.006940153,0.000548173,0.001321334,0.000256369,0.001011363,1.61E-05,0.000193521,0.000183984,0,4.60E-07,0.000525629,3.85E-05,0.008660181,0.000644862,0.003419866,0.003407971,4.63E-07,0.000293348,0.002554068,0,7.72E-06,0.000244965,0.00051228,0,0.001403035,0.000597581,0.000335842,2.63E-06,0,0.000853359,0.002469697,0.000448094,0.00286192,0,0.006400973,0,0.002871669,0.003414979,0.007376188,0.001268403,0,0.00308178,0,0.001211999,0,0.001753887,0.0003588,0.002754965,0.003175449,0.001524887,0.001243075,0.00135693,0.000859751,0.001251375,0.004690542,0.003126543,0.000548941,0.000817404,0.003887937,0.00634114,0.002517677,0.00524122,0.000180904,0,0.001345853,0.001972105,0.000153626,0.00132347,0.00193363,0.000796481,0.001230444,0.002973352,6.84E-07,0.004303375,8.73E-06,0.001014465,0.001314661,0.00036115,0.002498059,0.001740645,4.44E-07,2.44E-06,0.000438501,1.27E-05,0.001071368,0.000571291,0.001435989,0.002818265,0.000263739,0.00112747,0.002785589,0.000186738,0.001086316,0.000684448
28,Souvik,RC062,flow,,,123100,1,400,25,7.4,160,160,43.055505,43.055505,24.001326,24.001326,24.001326,0.001174671,0.000668696,0.001176843,0.000817596,0.000345875,0.00148178,0,0.001235146,0,0.007998582,0.000685436,0.001509011,0.000359546,0.001352832,4.92E-05,0.000213591,0.000195965,0,2.56E-06,0.000342497,1.90E-05,0.010387584,0.000708559,0.00217634,0.003050579,0,0.000378316,0.002304578,0,2.01E-05,0.000201987,0.000606011,0,0.001707459,0.000557272,0.000270719,1.85E-05,0,0.00106496,0.002910659,0.000223643,0.002146024,0,0.007606099,0,0.002253316,0.003344923,0.009047734,0.000827466,0,0.003876762,0,0.002013901,0,0.002112797,0.000182633,0.003416138,0.005279679,0.001889994,0.00146926,0.001277437,0.000422824,0.001577764,0.002855294,0.003747268,0.000519304,0.000425602,0.002418674,0.007891907,0.00315133,0.006659701,0.000156797,1.78E-07,0.001691318,0.002493474,0.000161846,0.002123588,0.00246036,0.000746591,0.0015413,0.003592649,1.10E-06,0.005366716,1.05E-05,0.001010328,0.001673006,0.000245861,0.003230959,0.001463298,1.05E-06,1.11E-05,0.000515421,5.07E-06,0.001381613,0.000723966,0.001769858,0.003473112,6.54E-05,0.001425813,0.003632568,0.00010102,0.001351987,0.000307729
29,Souvik,RC062,flow,,,127300,1,400,25,7.4,160,160,57.513924,57.513924,42.265406,42.265406,42.265406,0.002187728,0.001208,0.000894,0.000602184,0.000622908,0.002422689,0,0.001071452,0,0.006768335,0.000577776,0.001286484,0.000248889,0.00098985,2.75E-05,0.000186755,0.000177679,0,1.51E-06,0.000407258,3.83E-05,0.008468996,0.000617508,0.002673856,0.003073947,1.81E-07,0.000273872,0.002233787,0,1.13E-05,0.00021594,0.000489625,0,0.001327667,0.000537546,0.000318142,7.24E-06,0,0.000824028,0.002410411,0.000359273,0.002574146,0,0.00622768,0,0.002618712,0.003198456,0.007168821,0.000976893,0,0.003003588,0,0.001276197,0,0.001671922,0.000276085,0.002657406,0.003373756,0.001471853,0.001217436,0.001255289,0.000634089,0.001207605,0.003759253,0.003045092,0.000527063,0.000626617,0.003096793,0.006198461,0.002430984,0.005148213,0.000151577,2.24E-07,0.001303111,0.001934639,0.000154418,0.001377468,0.00186555,0.000732624,0.001164122,0.002876001,0,0.004163322,1.07E-05,0.000949664,0.001261756,0.000284605,0.00245689,0.001575372,5.53E-07,6.63E-06,0.000413446,2.42E-05,0.001026822,0.000555194,0.001402686,0.002725168,0.000196364,0.001081716,0.002741209,0.000143124,0.001033216,0.000537802
30,Souvik,RC062,flow,,,131500,1,400,25,7.4,160,160,89.234353,89.234353,66.193406,66.193406,66.193406,0.003854921,0.002186042,0.000770442,0.000516408,0.001152446,0.00389627,0,0.00102532,2.63E-07,0.006247187,0.000640785,0.001309044,9.20E-05,0.000586621,4.73E-07,0.000175324,0.000155759,0,2.79E-07,0.000608289,4.50E-05,0.007375583,0.000638481,0.003970043,0.004261461,0,0.000152577,0.003201495,0,7.31E-07,0.000302025,0.000424987,0,0.001165643,0.000659569,0.000514415,0,0,0.00070023,0.002204022,0.000573394,0.004316411,0,0.005465367,0,0.004266669,0.004185824,0.006232955,0.001505389,0,0.002565487,0,0.000282428,0,0.001491362,0.000482381,0.002329273,0.000709582,0.001288385,0.001119788,0.001647653,0.001126839,0.00104154,0.006016537,0.002724618,0.000685439,0.001057082,0.004581382,0.005432464,0.002115691,0.004291853,0.000171482,0,0.001139998,0.00163061,0.000164871,0.000338452,0.001564018,0.000976127,0.000988575,0.002530662,4.71E-07,0.003580135,2.99E-06,0.001238222,0.001077591,0.000423668,0.00202771,0.002307228,4.89E-07,2.79E-07,0.000392066,4.65E-05,0.000875445,0.000461826,0.001240699,0.002339635,0.000438073,0.000922145,0.002263124,0.000212725,0.000904269,0.00096276
31,Souvik,RC062,flow,,,135700,1,400,25,7.4,160,160,88.261926,88.261926,52.476853,52.476853,52.476853,0.002846543,0.001563449,0.000750949,0.000502102,0.000839944,0.002972207,0,0.001042454,0,0.006281254,0.000622825,0.001299151,0.000179109,0.000762292,4.90E-06,0.000215943,0.000196899,0,4.44E-07,0.000465848,7.70E-05,0.007591617,0.00067044,0.002963943,0.003680059,2.13E-07,0.000229974,0.002718164,0,2.82E-06,0.000283838,0.0004205,0,0.001143443,0.000601722,0.000491158,1.45E-06,0,0.000693078,0.00223487,0.000444377,0.003885696,0,0.005550894,0,0.003876503,0.003792226,0.006275635,0.001133796,0,0.00256811,2.25E-07,0.000601502,0,0.001499468,0.000350023,0.002290538,0.001535413,0.001253071,0.001129693,0.001476079,0.000798373,0.001015013,0.004649722,0.0027424,0.000653222,0.000748544,0.003625291,0.005480397,0.002091264,0.004317374,0.000157562,0,0.001108461,0.001635879,0.000155694,0.000671163,0.001543177,0.000856493,0.000973315,0.002565102,2.44E-07,0.003558502,4.38E-06,0.001122056,0.001067151,0.000331559,0.002028717,0.001977138,6.94E-07,1.47E-06,0.000368673,6.88E-05,0.00084579,0.00045195,0.001274247,0.002362622,0.000290406,0.000907926,0.002278045,0.00015834,0.000863432,0.000716514
32,Souvik,RC062,flow,,,139900,1,400,25,7.4,160,160,52.313702,52.313702,22.020789,22.020789,22.020789,0.001183685,0.000655197,0.00127848,0.000904737,0.000333398,0.001524483,0,0.001406608,0,0.00901643,0.000981585,0.001785055,0.000439443,0.00163435,2.96E-05,0.000294152,0.000261851,0,1.59E-06,0.00036833,1.79E-05,0.011651016,0.00099849,0.002254508,0.003518377,6.73E-07,0.000462226,0.002825985,0,1.95E-05,0.000239611,0.000696927,4.70E-07,0.00187571,0.000623312,0.000382095,1.17E-05,0,0.001164428,0.003344243,0.00023358,0.002933446,0,0.008451215,0,0.003105054,0.00428611,0.010062627,0.000883696,0,0.004325694,0,0.002141917,3.60E-07,0.002445342,0.000146102,0.003811849,0.005545729,0.002169684,0.001716062,0.001624331,0.000439522,0.001740767,0.003364832,0.004238289,0.000688881,0.000428043,0.002695356,0.009130065,0.003521061,0.00726328,0.000102175,0,0.001875074,0.002703401,0.000146524,0.002270993,0.002642437,0.000967782,0.001702058,0.004122298,9.15E-07,0.005819955,8.07E-06,0.001264496,0.001866929,0.000253792,0.003441251,0.00164911,4.23E-07,7.16E-06,0.000588857,4.53E-06,0.001512569,0.000792643,0.002067694,0.003868487,2.54E-05,0.001555004,0.003951674,6.28E-05,0.001478223,0.000328411
33,Souvik,RC062,flow,,,144100,1,400,25,7.4,160,160,44.115631,44.115631,53.449831,53.449831,53.449831,0.003212413,0.001772104,0.001144896,0.000762614,0.000942927,0.003703599,0,0.001241146,0,0.007819926,0.000742098,0.001537427,0.00031064,0.001229407,1.40E-05,0.00017972,0.000156159,0,1.80E-06,0.000692984,3.53E-06,0.009850686,0.000783909,0.004286078,0.003823895,7.99E-07,0.000355365,0.003074207,0,5.46E-06,7.45E-05,0.000595248,0,0.001623779,0.00064673,0.000282257,3.33E-06,0,0.00101456,0.002853557,0.000558848,0.002352197,0,0.007159487,0,0.002472629,0.004079495,0.008462284,0.001645054,0,0.003658576,0,0.001226122,0,0.002072915,0.000470884,0.003280643,0.003185261,0.001830466,0.00145768,0.001608735,0.001061917,0.001508666,0.006371776,0.003621034,0.000460674,0.000979662,0.004896615,0.007631366,0.003024243,0.006112636,0.000158577,2.14E-07,0.001650287,0.002315808,0.000123296,0.00134034,0.002264851,0.000942348,0.001471832,0.003490701,7.79E-07,0.005007398,1.06E-05,0.001203086,0.001584593,0.000472018,0.002937848,0.001891617,0,2.33E-06,0.00055358,4.14E-06,0.001295751,0.0006916,0.00174344,0.003302288,0.000293005,0.001336054,0.003358746,0.000205904,0.001307312,0.000818912
34,Souvik,RC062,flow,,,153700,1,400,25,7.4,160,160,82.960705,82.960705,47.948825,47.948825,47.948825,0.00333447,0.001765679,0.001023496,0.000696072,0.001002723,0.003430848,0,0.00121674,0,0.007441158,0.00086992,0.001604501,0.000262152,0.001187679,3.07E-06,0.000253965,0.000227783,0,0,0.000583891,3.52E-05,0.009413638,0.000988687,0.003607096,0.004346593,0,0.000350818,0.003487398,0,2.80E-06,0.000292035,0.000558943,0,0.00144164,0.000657995,0.000556919,1.61E-06,0,0.000932386,0.002782158,0.000543081,0.004307064,0,0.00694351,0,0.004431429,0.005153169,0.008096375,0.001468938,0,0.00347918,3.82E-07,0.000992246,0,0.001956142,0.000443865,0.003022615,0.002513946,0.001681479,0.001410238,0.001993267,0.000949424,0.001385747,0.006092585,0.003398214,0.000830957,0.000868373,0.004446132,0.007201927,0.002697195,0.005748419,9.87E-05,0,0.001529033,0.002168783,0.000134769,0.001124966,0.002049992,0.001168283,0.001316473,0.003298696,3.73E-07,0.004627108,3.49E-06,0.001542681,0.001435081,0.000420213,0.002762829,0.002336799,4.62E-07,0,0.000542441,1.91E-05,0.001174493,0.00062656,0.001700788,0.003114078,0.000324524,0.001226259,0.003136777,0.000155196,0.001201388,0.000880234
35,Souvik,RC062,flow,,,5500,1,400,25,7.4,160,160,49.939053,49.939053,63.94047,63.94047,63.94047,0.004403009,0.002391661,0.001151948,0.000776401,0.001329564,0.004752531,0,0.001217757,0,0.007599074,0.000774224,0.001536949,0.000244924,0.001172399,2.86E-06,0.000165065,0.0001374,0,0,0.00081902,1.02E-06,0.009631701,0.00084742,0.005058186,0.004370638,0,0.000335799,0.00354283,0,4.27E-07,6.07E-05,0.000584209,3.90E-07,0.001554591,0.000685731,0.000344771,9.08E-07,0,0.001016323,0.002789157,0.000724229,0.002866787,0,0.007001682,0,0.002929826,0.004717413,0.008353164,0.002008087,0,0.003676641,0,0.000777986,0,0.002040851,0.000623189,0.003173112,0.001951336,0.001791625,0.001440177,0.001868027,0.001386062,0.001481648,0.008128535,0.003515246,0.000521113,0.001257982,0.005934582,0.007577002,0.002952943,0.006026093,0.000125525,0,0.001671995,0.002237214,0.000111305,0.000876115,0.002217222,0.001100231,0.001428899,0.00347914,9.17E-07,0.004888446,4.84E-06,0.001423284,0.001557473,0.000574016,0.002924314,0.002310088,0,4.15E-07,0.00059812,1.45E-06,0.00127011,0.000685924,0.001749171,0.003308678,0.000449219,0.001328478,0.003330785,0.000233688,0.001318357,0.001129023
36,Souvik,RC062,flow,,,9700,1,400,25,7.4,160,160,67.743746,67.743746,67.845405,67.845405,67.845405,0.00446925,0.002449739,0.00098686,0.000646708,0.001334389,0.004660649,0,0.001126855,0,0.007082906,0.000743778,0.001479043,0.000173731,0.000953026,1.81E-06,0.000211477,0.000191728,0,0,0.00074784,5.35E-06,0.008649453,0.000841203,0.004704466,0.004476397,0,0.000272765,0.003583783,0,1.11E-06,0.000122515,0.000506887,0,0.001386733,0.000696573,0.000418052,3.91E-07,0,0.000860255,0.002539237,0.000711568,0.003304775,0,0.006318684,0,0.003368156,0.004730352,0.007379797,0.001805803,0,0.003192534,0,0.000353156,0,0.001795099,0.000588049,0.002811193,0.000910903,0.001542463,0.001295773,0.001864401,0.001289694,0.001281474,0.007701934,0.003228928,0.000602864,0.001172296,0.005660677,0.00655356,0.002577389,0.005256315,0.00014495,0,0.001461726,0.001989961,0.000126806,0.000435735,0.001915081,0.001095786,0.001227178,0.003057933,6.68E-07,0.004352631,4.26E-06,0.00140216,0.001335479,0.000525516,0.002581777,0.002405425,0,4.10E-07,0.000507507,1.26E-05,0.001075541,0.000575157,0.001537247,0.002872384,0.000477516,0.001145361,0.002845093,0.000247582,0.00112793,0.001153056
37,Souvik,RC062,flow,,,13900,1,400,25,7.4,160,160,64.370795,64.370795,18.912389,18.912389,18.912389,0.000670731,0.000382027,0.000872779,0.000578649,0.000191293,0.000990457,0,0.001194274,1.22E-07,0.00755654,0.0007538,0.001371849,0.000327034,0.001186356,7.60E-05,0.000259723,0.000233832,0,6.32E-06,0.000205024,6.62E-05,0.00924769,0.000754716,0.00125169,0.002546494,3.32E-07,0.000322646,0.001771936,0,3.92E-05,0.000182292,0.000544691,0,0.001383856,0.000465036,0.000296331,2.61E-05,0,0.000826946,0.002671201,0.000151581,0.002111121,0,0.006785377,0,0.00212788,0.002804848,0.007730103,0.000456747,0,0.003107103,1.38E-07,0.001216351,1.65E-07,0.00180091,8.90E-05,0.002822412,0.003042191,0.001549425,0.00130792,0.001094779,0.000214766,0.001238924,0.001967888,0.003387205,0.000499173,0.000220746,0.001689614,0.006789431,0.002579632,0.005282072,0.000116312,1.39E-07,0.001336915,0.001974445,0.000132903,0.001239807,0.001880658,0.000651785,0.001164951,0.003109785,1.33E-06,0.004431792,1.00E-05,0.000833459,0.001271262,0.000142116,0.002377947,0.001202865,1.83E-06,1.83E-05,0.000391953,3.77E-05,0.001003135,0.000515001,0.00150516,0.002848744,2.22E-05,0.001104722,0.002729788,5.40E-05,0.00098254,0.000186677
38,Souvik,RC062,flow,,,18100,1,400,25,7.4,160,160,70.790149,70.790149,61.331299,61.331299,61.331299,0.003023114,0.001730747,0.00078192,0.000516129,0.000905695,0.003478288,0,0.001073887,0,0.006516735,0.000675375,0.001280577,0.000225317,0.000925519,8.24E-06,0.000225857,0.000211381,0,2.35E-07,0.000507358,2.41E-05,0.007770089,0.000725981,0.003247769,0.003533155,5.26E-07,0.000263586,0.002644242,0,5.21E-06,0.000163389,0.000454843,0,0.001202062,0.000595611,0.000354577,3.36E-06,0,0.000715264,0.002294291,0.000506215,0.002819108,0,0.005797905,0,0.002723136,0.003698988,0.006517484,0.001213021,2.29E-07,0.002648515,0,0.000405946,0,0.00155642,0.00036059,0.002393086,0.000994941,0.00129382,0.001150046,0.001452384,0.000818477,0.001062429,0.005380817,0.002808904,0.000513335,0.000790833,0.004290619,0.005533773,0.002153106,0.004440895,0.000147325,0,0.001163816,0.001653526,0.000143174,0.000456463,0.001594724,0.000849054,0.001007031,0.002638288,6.03E-07,0.003710467,1.09E-05,0.001094276,0.001095535,0.000350478,0.002073183,0.001901708,2.08E-07,1.77E-06,0.000384031,4.07E-05,0.00086757,0.000464522,0.001281376,0.002436521,0.000300815,0.000945751,0.002306456,0.000171736,0.0009026,0.000785426
39,Souvik,RC062,flow,,,22300,1,400,25,7.4,160,160,76.142718,76.142718,35.633721,35.633721,35.633721,0.001769971,0.000983958,0.000890033,0.000605145,0.00053556,0.002211603,0,0.001203856,0,0.00739292,0.000825789,0.001476062,0.00034216,0.001298514,3.29E-05,0.000296245,0.000277539,0,2.08E-06,0.00037779,5.13E-05,0.009182265,0.000931106,0.002323293,0.003313733,8.79E-07,0.000385839,0.002499167,0,1.41E-05,0.000227088,0.00052985,0,0.001358018,0.000555414,0.000413672,1.16E-05,0,0.000827953,0.002634113,0.000333165,0.003042138,0,0.006533246,0,0.00310082,0.004113524,0.00744672,0.000905013,0,0.003090565,0,0.001034755,0,0.001822475,0.000224849,0.002758066,0.002584367,0.001525268,0.001319766,0.001582125,0.000515756,0.0012454,0.00394655,0.003314779,0.000612268,0.000482557,0.003126886,0.00655155,0.002509621,0.00511869,0.000116631,1.56E-07,0.001365137,0.001943836,0.000152289,0.00109613,0.001843672,0.000928693,0.001166278,0.003150674,1.57E-06,0.00428226,5.85E-06,0.001162334,0.001295233,0.00027388,0.002382282,0.00174195,0,9.86E-06,0.000432502,3.73E-05,0.001013642,0.000526271,0.001507538,0.002901527,0.00013013,0.001096085,0.002723545,0.000112942,0.001025536,0.000479426
40,Souvik,RC062,flow,,,26500,1,400,25,7.4,160,160,84.001846,84.001846,72.204757,72.204757,72.204757,0.003637507,0.001969475,0.00067007,0.000444757,0.001062831,0.003938154,0,0.000939486,0,0.005568857,0.000586087,0.001171844,0.000118557,0.000567545,3.06E-06,0.000197668,0.000186758,0,3.73E-07,0.000495017,4.65E-05,0.006726337,0.000644643,0.003187493,0.003610708,3.10E-07,0.000170041,0.002661038,0,8.21E-07,0.000174225,0.0003757,1.73E-07,0.000991247,0.000566123,0.000374424,9.05E-07,0,0.000599492,0.002033804,0.000505211,0.002870158,0,0.004787071,0,0.002942745,0.003693076,0.005452927,0.001232683,0,0.002262808,0,0.000248081,0,0.001303245,0.000391429,0.001994306,0.000616946,0.001087637,0.001027999,0.001446066,0.000888755,0.000887026,0.005592821,0.002425171,0.000512568,0.000820137,0.004202919,0.004893099,0.001836792,0.003774857,0.000153941,0,0.000989377,0.001387996,0.000167095,0.000291254,0.001330485,0.000845304,0.000848865,0.002284721,9.71E-07,0.003086157,7.49E-06,0.00109711,0.000937336,0.000351074,0.001767042,0.002065983,4.01E-07,6.18E-07,0.00034235,6.83E-05,0.000742352,0.000391505,0.001143147,0.002093726,0.000372404,0.000781045,0.002002926,0.000175416,0.000773908,0.00088891
41,Souvik,RC062,flow,,,30700,1,400,25,7.4,160,160,72.650436,72.650436,72.573749,72.573749,72.573749,0.005381208,0.002906825,0.000985652,0.000659605,0.001654749,0.005336964,0,0.001119109,0,0.0068581,0.000779063,0.001496177,6.97E-05,0.000747428,3.73E-07,0.000156278,0.000134282,0,0,0.000790636,4.46E-06,0.008632596,0.000877247,0.004890481,0.004775107,0,0.000141608,0.003708325,0,0,9.97E-05,0.00047835,0,0.001346751,0.000671648,0.000498479,3.80E-07,0,0.000834654,0.002532488,0.000779645,0.003769916,0,0.006194191,0,0.003821654,0.00528924,0.007300167,0.002013118,0,0.003229405,0,0.000298981,0,0.001759404,0.000676263,0.002737098,0.000811478,0.001540448,0.001295609,0.002164957,0.001467703,0.001279061,0.008659326,0.003194639,0.000667196,0.001317774,0.00611354,0.006609615,0.002550032,0.005278009,0.000107963,0,0.001501402,0.001940213,0.000149385,0.000389135,0.001897704,0.001261579,0.001212294,0.00312253,0,0.004360407,2.00E-06,0.001609298,0.001333449,0.000577993,0.002585702,0.002818194,9.26E-07,0,0.000543245,1.09E-05,0.001091345,0.000586377,0.00156623,0.002925675,0.000581469,0.0011261,0.002936878,0.000237893,0.001182217,0.001416046
42,Souvik,RC062,flow,,,34900,1,400,25,7.4,160,160,62.245934,62.245934,42.884722,42.884722,42.884722,0.003033491,0.001690669,0.001239319,0.000804801,0.000935823,0.003500541,0,0.001367976,0,0.008571083,0.000989294,0.001822019,0.000453928,0.00183823,1.49E-05,0.00031682,0.000274793,0,1.09E-06,0.000612783,3.27E-06,0.010773599,0.001151632,0.003715087,0.004067062,0,0.000547318,0.003250799,0,7.48E-06,0.000107032,0.000652088,5.49E-07,0.001715629,0.000640868,0.000457061,4.41E-06,0,0.001079198,0.003157053,0.000531178,0.003321941,0,0.00780591,0,0.003476622,0.005445927,0.009290318,0.001513343,0,0.004142233,0,0.001312843,0,0.002254794,0.00040294,0.003537571,0.003355347,0.001962538,0.001604845,0.002186304,0.000906369,0.001636134,0.006470501,0.004083113,0.00068887,0.000826337,0.004773715,0.008450069,0.003221059,0.006702032,7.07E-05,0,0.001881657,0.002505309,0.000114453,0.001448865,0.002417751,0.001291845,0.0015478,0.003931349,5.37E-07,0.005539938,4.94E-06,0.001622738,0.001694984,0.00043964,0.003254819,0.002260076,5.14E-07,3.56E-06,0.000650042,5.39E-06,0.001375234,0.000722648,0.001985365,0.003655885,0.000162503,0.001463049,0.003679295,0.000138802,0.001439912,0.000853342
43,Souvik,RC062,flow,,,39100,1,400,25,7.4,160,160,65.242231,65.242231,38.83347,38.83347,38.83347,0.002723635,0.00151033,0.001313426,0.000887123,0.000818817,0.003198203,0,0.001462635,0,0.009141751,0.001140242,0.00192168,0.00056799,0.002201112,1.94E-05,0.000354451,0.000289255,0,4.60E-07,0.000569179,3.69E-06,0.011666936,0.00134585,0.003506081,0.004121436,6.52E-07,0.000652562,0.003411741,0,8.21E-06,0.000104261,0.000708374,0,0.001862281,0.000651299,0.000453491,5.43E-06,0,0.001191455,0.003446896,0.000498479,0.003464428,0,0.008589542,0,0.003654643,0.005812201,0.010167111,0.001447159,0,0.004539828,0,0.001548586,0,0.002514513,0.0003234,0.003831488,0.003852154,0.002146035,0.001770454,0.00227754,0.000815328,0.001777226,0.006366959,0.004381815,0.0007746,0.000751002,0.004755518,0.009207128,0.003501286,0.007321152,3.67E-05,0,0.002033239,0.002750332,8.71E-05,0.001699618,0.00264421,0.001351622,0.001675906,0.004260751,0,0.00595911,2.81E-06,0.001763083,0.001838713,0.000399608,0.003560769,0.002204555,0,8.21E-06,0.000700551,5.44E-06,0.001502534,0.000814802,0.002201003,0.004043739,9.14E-05,0.001575001,0.004045787,8.14E-05,0.001577291,0.000780111
44,Souvik,RC062,flow,,,43300,1,400,25,7.4,160,160,96.345404,96.345404,21.169732,21.169732,21.169732,0.001464434,0.000814365,0.001321385,0.000898096,0.00036578,0.001618424,0,0.001517688,0,0.00983493,0.001447108,0.002177467,0.000679559,0.002606627,1.85E-05,0.000533093,0.000476201,0,0,0.000180388,6.81E-05,0.012224758,0.001719116,0.001928341,0.004293565,0,0.000806705,0.0035212,0,1.15E-05,0.00032611,0.000747401,0,0.001917138,0.000631297,0.00074442,3.30E-06,0,0.001215581,0.003613077,0.000123206,0.005098171,0,0.008940814,0,0.00544496,0.007027067,0.010596834,0.000831267,0,0.0047211,0,0.001916326,0,0.002608281,2.40E-05,0.00401744,0.004787791,0.002236132,0.001854196,0.002760397,0.000324362,0.001818806,0.003935193,0.004664925,0.001268482,0.000294343,0.002904142,0.009662807,0.003675418,0.007581589,1.16E-05,0,0.002134741,0.002834966,0.000107637,0.002096283,0.002709113,0.001632305,0.001741467,0.004545052,0,0.006279151,0,0.002144091,0.001890644,9.32E-05,0.003655474,0.002429938,0,7.38E-06,0.000710871,2.06E-05,0.001510015,0.00080088,0.002310815,0.004199463,1.05E-05,0.001636646,0.004168865,1.28E-05,0.001595085,0.000333104
45,Souvik,RC062,flow,,,47500,1,400,25,7.4,160,160,74.500718,74.500718,27.63069,27.63069,27.63069,0.001888286,0.001049812,0.001382663,0.000932596,0.00054791,0.002202089,0,0.001532557,0,0.009902768,0.00130091,0.002084279,0.000722165,0.002720079,3.88E-05,0.000497483,0.000441869,0,6.13E-07,0.00035603,2.60E-05,0.012535274,0.001574756,0.002378818,0.004025079,0,0.000831087,0.00331776,0,1.97E-05,0.000200463,0.000757941,0,0.001962362,0.000630884,0.000560865,1.48E-05,0,0.001261507,0.003658259,0.000285196,0.003972673,0,0.009052744,0,0.004252434,0.006279579,0.010779951,0.001003035,0,0.004794423,0,0.001836029,0,0.002660366,9.01E-05,0.00412341,0.004591196,0.002294449,0.001853861,0.002444145,0.000478609,0.001877011,0.004893632,0.00469817,0.00095764,0.000461548,0.003662677,0.009767816,0.00375398,0.007786992,1.99E-05,0,0.002176702,0.002893548,0.000113367,0.002003256,0.00277692,0.001456449,0.001762051,0.004632761,0,0.006395852,1.59E-06,0.001862446,0.001945452,0.000204195,0.003722748,0.002173378,6.66E-07,9.03E-06,0.000716813,8.05E-06,0.001574439,0.000830486,0.002306938,0.004241406,2.01E-05,0.00167318,0.004262443,3.05E-05,0.001650372,0.000519601
46,Souvik,RC062,flow,,,51700,1,400,25,7.4,160,160,50.759494,50.759494,17.093822,17.093822,17.093822,0.000613869,0.000335269,0.001209505,0.000807021,0.000130297,0.000911047,0,0.001462999,2.26E-07,0.00923012,0.001029035,0.001839773,0.000787524,0.002676992,0.000195095,0.000416858,0.000372023,3.46E-07,1.22E-05,0.000177147,2.38E-05,0.011670967,0.001218423,0.001227428,0.002414877,2.00E-07,0.000756774,0.001944306,5.04E-07,0.000122237,0.000109324,0.000677392,0,0.0017634,0.000447933,0.000260734,8.03E-05,0,0.001102567,0.003384055,0.000101653,0.001789806,0,0.008265678,0,0.002035182,0.003994579,0.009699596,0.000484687,0,0.004274978,0,0.001542153,0,0.002349974,2.29E-05,0.003733026,0.004022557,0.002054733,0.001701895,0.001535331,0.000175006,0.001674734,0.002453668,0.004340723,0.000471164,0.000177841,0.002025333,0.008991743,0.00341493,0.006997785,3.66E-05,3.73E-07,0.001851281,0.002636933,0.000138836,0.001609288,0.00249686,0.000899072,0.001580364,0.004176504,2.31E-07,0.005742905,1.02E-05,0.001162121,0.001723421,0.000111682,0.003286538,0.001205084,1.04E-06,5.83E-05,0.000567209,7.88E-06,0.001372506,0.000705129,0.002079984,0.003811162,2.78E-06,0.001501109,0.003783538,2.69E-05,0.001377789,0.000129576
47,Souvik,RC062,flow,,,55900,1,400,25,7.4,160,160,96.182587,96.182587,55.558437,55.558437,55.558437,0.00406351,0.002133642,0.000979088,0.000629312,0.001228182,0.003827755,0,0.001201859,0,0.007308937,0.000978828,0.001656808,0.000307032,0.001463665,5.00E-06,0.000367246,0.00034092,0,0,0.000575835,2.59E-05,0.00890692,0.001186727,0.003472866,0.004599397,6.19E-07,0.000438046,0.003628305,0,8.61E-07,0.000190676,0.000489261,5.58E-07,0.001347029,0.000655846,0.000643723,1.27E-06,0,0.000838787,0.002722431,0.000612378,0.004622062,0,0.006473818,0,0.004764509,0.005887288,0.007513116,0.001451429,0,0.003374963,0,0.000530884,0,0.001807665,0.000485459,0.002842169,0.001298592,0.00154999,0.001393675,0.002338036,0.001001152,0.001266027,0.007036939,0.003371662,0.000908463,0.0009269,0.004960051,0.00694291,0.002548946,0.005394981,7.09E-05,0,0.00150037,0.002004697,0.000159405,0.000628176,0.001918118,0.001360129,0.001204874,0.003206487,0,0.004449053,3.96E-06,0.001771458,0.001324514,0.000436273,0.002615365,0.002701153,4.48E-07,1.84E-06,0.000530268,3.85E-05,0.001086538,0.00057887,0.00167856,0.002951117,0.000388031,0.001136727,0.00296414,0.000137108,0.001142606,0.001105871
48,Souvik,RC062,flow,,,60100,1,400,25,7.4,160,160,77.659756,77.659756,56.25103,56.25103,56.25103,0.004574037,0.002409158,0.001187296,0.000772271,0.00140382,0.004369722,0,0.001315029,0,0.008316471,0.001070512,0.00182534,0.000421355,0.001929367,5.22E-06,0.00037626,0.000313938,0,0,0.000719381,5.51E-06,0.01032094,0.001336803,0.004314034,0.004875119,0,0.000569129,0.003954144,0,3.46E-06,9.73E-05,0.000588246,0,0.001612092,0.000698978,0.000634429,3.44E-06,0,0.00104173,0.003096843,0.00074857,0.004400049,0,0.007480874,0,0.004603192,0.006303373,0.008861902,0.001807418,0,0.004019762,0,0.000582067,0,0.002167709,0.000615318,0.003434948,0.001464515,0.001899394,0.001573886,0.00244383,0.001277414,0.001568199,0.008553867,0.003894269,0.000872738,0.001129835,0.006011948,0.008201888,0.00310426,0.006437291,5.31E-05,0,0.001843717,0.002409091,0.000120854,0.000674292,0.002336762,0.001406238,0.001467665,0.003836804,0,0.005307937,1.47E-06,0.001862953,0.001608966,0.000515278,0.003183616,0.002742974,0,1.27E-06,0.000670238,1.30E-05,0.001319546,0.000687047,0.001993151,0.003562458,0.000378246,0.001383885,0.003618878,0.000110169,0.001404367,0.001283853
49,Souvik,RC062,flow,,,64300,1,400,25,7.4,160,160,81.998468,81.998468,34.42022,34.42022,34.42022,0.002413983,0.001308691,0.001266635,0.000805624,0.00071788,0.002653749,0,0.00145547,0,0.00929206,0.001301428,0.002058339,0.00073929,0.002810903,4.88E-05,0.000557948,0.000475823,0,8.77E-07,0.000470283,2.21E-05,0.011398222,0.001634529,0.002895667,0.004058647,0,0.000857281,0.003328653,0,2.22E-05,0.000152327,0.000669319,0,0.001748838,0.000591161,0.000667461,1.44E-05,0,0.001126025,0.003426893,0.000402353,0.004436068,0,0.008156752,0,0.004717463,0.006271117,0.00968456,0.001214512,0,0.004395857,0,0.001293856,0,0.002405559,0.000260718,0.003767942,0.003218327,0.002086291,0.001741962,0.002482772,0.000744528,0.001710929,0.00584879,0.004373673,0.001003284,0.000670323,0.004305397,0.009031887,0.003466724,0.007043827,2.75E-05,0,0.001962626,0.002632348,0.000148408,0.001387655,0.00249522,0.001442578,0.001594483,0.00423525,3.58E-07,0.005821706,1.89E-06,0.001842917,0.001710021,0.000274645,0.003345497,0.00226274,0,1.09E-05,0.000669211,1.70E-05,0.001399922,0.000729074,0.00217024,0.003865112,5.37E-05,0.00153054,0.00385716,4.72E-05,0.001492596,0.000692626
50,Souvik,RC062,flow,,,68500,1,400,25,7.4,160,160,63.117019,63.117019,54.808919,54.808919,54.808919,0.003257622,0.00172114,0.000930172,0.000604234,0.000951167,0.003543062,0,0.001204399,0,0.007305611,0.000870238,0.001528115,0.00047572,0.001842815,6.25E-05,0.000362224,0.00033642,0,1.94E-06,0.00054961,6.42E-06,0.008919338,0.001025612,0.003314317,0.003363535,0,0.000532743,0.002629018,0,2.63E-05,9.66E-05,0.000501693,0,0.001326298,0.00053414,0.00038749,1.41E-05,2.07E-07,0.000841293,0.002718393,0.000552417,0.002686394,0,0.006377897,0,0.002809165,0.004259246,0.007401032,0.001316964,0,0.003248436,0,0.000553931,2.19E-07,0.001781873,0.000439573,0.002806199,0.001386896,0.001544971,0.001373724,0.001689936,0.000914648,0.001269263,0.006256516,0.003338655,0.000560289,0.000831651,0.004677823,0.006853456,0.002554455,0.005262893,9.96E-05,2.97E-07,0.001427768,0.001945208,0.000171702,0.000617444,0.00187562,0.000991633,0.001190904,0.003203678,1.50E-06,0.004360685,1.20E-05,0.001248071,0.001297178,0.000390147,0.002503171,0.001828406,4.45E-07,1.55E-05,0.000480887,2.05E-05,0.001046055,0.000547441,0.001613937,0.002869151,0.000247413,0.001122209,0.002863638,0.000154779,0.001070328,0.000859227
51,Souvik,RC062,flow,,,72700,1,400,25,7.4,160,160,80.358887,80.358887,63.350269,63.350269,63.350269,0.003867268,0.001954271,0.000758592,0.000487237,0.001117455,0.003865708,0,0.001058372,0,0.006305874,0.000780316,0.001367324,0.000270953,0.001083412,1.38E-05,0.000326652,0.000293596,0,1.13E-06,0.000543514,2.13E-05,0.007471747,0.000884431,0.003305225,0.003560557,2.48E-07,0.000326764,0.00268099,0,7.87E-06,0.000134339,0.000421649,0,0.001089736,0.000522224,0.000456011,2.62E-06,2.32E-07,0.000694069,0.002359353,0.000570981,0.003141237,0,0.005311505,0,0.003332449,0.004011787,0.00611529,0.00130032,0,0.002692728,0,0.000418026,0,0.00149098,0.000484728,0.002286374,0.00104118,0.001237009,0.001207562,0.001608898,0.00102237,0.001018806,0.00618907,0.00280606,0.000625244,0.00090948,0.004536497,0.005797247,0.0020652,0.004372946,0.000119998,0,0.001141184,0.001605983,0.000207604,0.000474167,0.001507267,0.000938597,0.000950316,0.002703102,1.19E-06,0.003547281,9.95E-06,0.001198369,0.001051774,0.000387324,0.002032798,0.002051133,1.07E-06,3.55E-06,0.000399143,5.08E-05,0.000853374,0.000447854,0.001389982,0.002367965,0.000338883,0.00089676,0.002363028,0.000157462,0.000867003,0.000994113
52,Souvik,RC062,flow,,,76900,1,400,25,7.4,160,160,67.743746,67.743746,67.845405,67.845405,67.845405,0.00344776,0.00175541,0.000652093,0.000429946,0.000969494,0.00369724,0,0.000959289,0,0.005671732,0.000675687,0.001185126,0.000213814,0.000849131,2.20E-05,0.00027058,0.00024336,0,1.09E-06,0.000499708,1.05E-05,0.006763529,0.000701984,0.003171836,0.002934661,8.58E-07,0.000253195,0.002113599,0,9.79E-06,0.00010541,0.000370541,0,0.000939958,0.000453473,0.000338718,3.14E-06,0,0.000600237,0.002150179,0.000496839,0.002395078,0,0.004725376,0,0.002535922,0.003104433,0.005452739,0.001219499,0,0.002328635,0,0.000356129,0,0.001311688,0.000462098,0.002049015,0.000903076,0.001097324,0.001111329,0.001243964,0.001003142,0.000889991,0.005407002,0.002523091,0.000461706,0.00087632,0.004158651,0.005168679,0.001831964,0.003837958,0.000136872,1.84E-07,0.000989031,0.001384128,0.000202755,0.000392342,0.001317815,0.000726816,0.000837878,0.00242838,7.64E-07,0.003116461,1.91E-05,0.000914971,0.00092308,0.000348382,0.00173465,0.001668806,7.85E-07,5.10E-06,0.000339567,5.03E-05,0.000735198,0.000381688,0.00124347,0.002088197,0.000284446,0.000779535,0.002079824,0.00015565,0.000731221,0.000854888
53,Souvik,RC062,flow,,,81100,1,400,25,7.4,160,160,48.616138,48.616138,58.279359,58.279359,58.279359,0.00245911,0.00124638,0.00072293,0.000464105,0.00067181,0.003117216,0,0.00102513,0,0.006241247,0.000618943,0.001235652,0.000395492,0.0013983,9.79E-05,0.000285551,0.000244311,0,5.32E-06,0.000439655,3.69E-06,0.007447311,0.000669897,0.0027854,0.002236069,4.74E-07,0.000394833,0.001641701,0,6.09E-05,4.68E-05,0.000431271,0,0.001059644,0.000379811,0.000228631,3.04E-05,0,0.000670005,0.002360977,0.000400726,0.001521229,0,0.005222239,0,0.001644575,0.00259333,0.006094247,0.001023158,0,0.002671124,0,0.000375615,6.76E-07,0.00146262,0.000366563,0.002328441,0.000981363,0.001240919,0.001205868,0.001034382,0.000776959,0.000999118,0.004593964,0.002810487,0.000288036,0.000706454,0.003749021,0.005803312,0.002055394,0.004345556,0.000122667,0,0.001112401,0.001572837,0.000159996,0.000399286,0.001474415,0.00060623,0.000940183,0.002745399,2.79E-06,0.003538196,3.57E-05,0.000760935,0.001025487,0.000308469,0.001933369,0.001204698,1.99E-06,2.76E-05,0.000357796,2.47E-05,0.000816832,0.000425043,0.001392272,0.002323277,0.000155245,0.000888906,0.00232373,0.000142168,0.000795057,0.0006061
54,Souvik,RC062,flow,,,85300,1,400,25,7.4,160,160,90.401023,90.401023,15.37686,15.37686,15.37686,0.000469562,0.000252298,0.000771677,0.000497008,0.000116672,0.000684378,0,0.00119623,0,0.007357455,0.001034363,0.001530738,0.000692246,0.002321573,0.000184931,0.000540043,0.00045126,0,1.62E-05,0.000113089,0.000120518,0.008659783,0.001225151,0.000768702,0.001944157,0,0.000665854,0.00142759,0,0.000132242,0.000165205,0.000492821,2.62E-07,0.001189333,0.000336428,0.000459999,9.99E-05,0,0.000751082,0.002766751,8.63E-05,0.002786573,0,0.006064883,0,0.003068906,0.003294002,0.007134545,0.000310573,2.67E-07,0.003094855,8.38E-07,0.000928532,2.42E-07,0.001699023,4.45E-05,0.00266561,0.00240558,0.001414065,0.001401325,0.001307864,0.00015153,0.00111911,0.001715198,0.003327104,0.000728779,0.000157313,0.001411224,0.006818299,0.002304315,0.004954712,2.94E-05,1.04E-06,0.001272516,0.00178187,0.000166622,0.000956909,0.001649408,0.000764315,0.00102729,0.003232693,1.07E-06,0.00407536,6.00E-06,0.000969886,0.001121349,7.55E-05,0.002173872,0.001081531,8.95E-07,7.40E-05,0.000385632,6.87E-05,0.00088732,0.000446452,0.001651899,0.002698935,2.49E-06,0.000990067,0.00263467,1.71E-05,0.000871016,0.000116238
55,Souvik,RC062,flow,,,89500,1,400,25,7.4,160,160,60.404138,60.404138,66.329447,66.329447,66.329447,0.003438249,0.001732931,0.00070807,0.00045691,0.000978082,0.00367695,0,0.001010957,0,0.006064939,0.000712801,0.001260544,0.000306854,0.001151118,4.11E-05,0.000301271,0.000268477,0,1.91E-06,0.000499225,7.27E-06,0.00721381,0.00075292,0.003091449,0.00274461,2.31E-07,0.000327516,0.00200168,0,2.38E-05,8.01E-05,0.000418255,0,0.001028026,0.000430942,0.000324522,9.14E-06,0,0.000648653,0.00231164,0.00050906,0.002237709,0,0.005094809,0,0.002366715,0.003122776,0.005923345,0.001184369,0,0.00258619,4.00E-07,0.000422493,0,0.001429235,0.000472075,0.002237196,0.001086433,0.001208858,0.001180507,0.001236712,0.000983283,0.000974795,0.005507107,0.002732544,0.000446293,0.000883892,0.004277243,0.005663534,0.001992232,0.004190413,0.000126325,2.34E-07,0.001096406,0.001517501,0.000221514,0.000466144,0.001426848,0.000715778,0.000914803,0.00265047,1.90E-06,0.003412358,2.35E-05,0.000923241,0.000997275,0.00034989,0.001905509,0.001558032,1.88E-06,1.10E-05,0.000367221,2.93E-05,0.000811214,0.000414775,0.001360299,0.002259735,0.000244483,0.000859798,0.002265645,0.000161554,0.000790147,0.000869826
56,Souvik,RC062,flow,,,93700,1,400,25,7.4,160,160,77.222639,77.222639,46.866165,46.866165,46.866165,0.002026251,0.001024588,0.00068345,0.00043907,0.000588479,0.002474671,0,0.001065925,0,0.006338755,0.000793806,0.00132772,0.000452068,0.001641963,0.000109884,0.000390356,0.000337296,0,8.23E-06,0.000347569,2.48E-05,0.007581986,0.000913304,0.00208468,0.002374659,0,0.000470524,0.001667978,0,7.16E-05,0.000117764,0.000430181,1.95E-07,0.001032298,0.000380587,0.000398324,4.23E-05,1.58E-07,0.000641984,0.002421908,0.000344913,0.002577628,0,0.005312935,0,0.002683167,0.003085223,0.006132308,0.000821838,0,0.002609722,0,0.000421706,6.29E-07,0.001485192,0.000305965,0.002278404,0.001050456,0.001222143,0.001225639,0.001209137,0.000620929,0.000972622,0.003978966,0.002842993,0.000529625,0.000564368,0.003223396,0.005831822,0.002005433,0.004241243,0.000101169,4.15E-07,0.001086385,0.001537556,0.000194366,0.000444526,0.00142797,0.000691853,0.000881115,0.002767414,1.37E-06,0.003432755,1.93E-05,0.000884954,0.000987288,0.000249809,0.001869984,0.001304733,2.14E-06,3.45E-05,0.000351245,7.53E-05,0.000779973,0.000396385,0.001408747,0.00231573,0.000109666,0.000857843,0.002235161,0.000109604,0.000758857,0.000540685
57,Souvik,RC062,flow,,,97900,1,400,25,7.4,160,160,86.260404,86.260404,40.252583,40.252583,40.252583,0.001616833,0.000814677,0.000640266,0.000407945,0.000467447,0.001991829,0,0.001034561,0,0.006202059,0.00082639,0.00131127,0.000486672,0.001702085,0.000127951,0.000420858,0.000368151,0,1.04E-05,0.000273067,6.24E-05,0.007273702,0.000946691,0.00161068,0.002121063,0,0.000497638,0.001501024,0,8.88E-05,0.000133833,0.000415053,2.28E-07,0.000972275,0.000341725,0.000437784,5.29E-05,0,0.000597757,0.002382029,0.000276323,0.002742158,0,0.005052548,0,0.002896545,0.003018876,0.005902968,0.0006372,0,0.002498282,6.77E-07,0.000414679,3.32E-07,0.001396578,0.000232422,0.002182263,0.001060281,0.001160341,0.001206332,0.001193829,0.000463119,0.000909362,0.003292602,0.002782589,0.000593252,0.000431089,0.002685287,0.005588628,0.001895318,0.004038892,7.79E-05,5.83E-07,0.001032732,0.001434705,0.000183384,0.000442504,0.001337067,0.000692234,0.000836349,0.002701513,9.34E-07,0.003307412,1.54E-05,0.000874949,0.000908479,0.000200701,0.001763612,0.001220607,1.17E-06,4.44E-05,0.000338813,0.000100388,0.000730735,0.000369999,0.001372067,0.002227191,7.10E-05,0.000812645,0.002137788,8.73E-05,0.000723743,0.000437338
58,Souvik,RC062,flow,,,102100,1,400,25,7.4,160,160,43.055505,43.055505,24.001326,24.001326,24.001326,0.000471788,0.000239304,0.000915071,0.000579001,0.000114276,0.001089569,1.62E-07,0.001268107,0,0.008075237,0.000856638,0.001476397,0.000909304,0.002764497,0.000251018,0.000442617,0.00036637,0,3.57E-05,0.00018092,3.07E-06,0.009749207,0.000991886,0.001065369,0.001007894,3.68E-07,0.000756948,0.000753796,1.65E-07,0.000191736,3.13E-05,0.000582404,0,0.001371648,0.000213932,0.000167261,0.000133756,0,0.00086217,0.003128545,0.000104836,0.001059066,0,0.00675532,0,0.001198762,0.002411053,0.008349834,0.000411862,0,0.00357654,3.47E-07,0.000609046,1.54E-07,0.001976353,8.08E-05,0.003115924,0.001633382,0.001667174,0.001568552,0.000968641,0.000197775,0.001313028,0.002318454,0.003787584,0.000235797,0.000194482,0.002070455,0.007912003,0.002679049,0.005822911,2.32E-05,4.86E-07,0.001452784,0.002060445,0.00011979,0.000603408,0.001936342,0.000557581,0.001201581,0.003806384,2.93E-06,0.004754869,4.11E-05,0.00068527,0.001312553,0.000124058,0.0024521,0.000563546,4.35E-06,0.000103417,0.000435866,1.27E-05,0.00105112,0.000510184,0.001905851,0.003116923,1.11E-06,0.001181278,0.003102131,4.13E-05,0.000980041,0.000123503
59,Souvik,RC062,flow,,,106300,1,400,25,7.4,160,160,57.513924,57.513924,42.265406,42.265406,42.265406,0.001392995,0.00070079,0.000752261,0.000478617,0.000394859,0.002077977,0,0.001134441,0,0.006911962,0.000820232,0.001363376,0.000638699,0.002137424,0.000182759,0.00040948,0.000339297,0,1.80E-05,0.000299472,4.54E-06,0.008283904,0.000900957,0.001776496,0.001575706,1.80E-07,0.000597764,0.001122989,0,0.000134889,6.16E-05,0.000482701,0,0.00113337,0.000279423,0.00027107,8.79E-05,0,0.000718227,0.002674411,0.000260556,0.001679635,0,0.005784041,0,0.001789034,0.002648281,0.006852893,0.000685134,0,0.002941707,7.28E-07,0.000449268,3.29E-07,0.001636121,0.000244196,0.002549093,0.001131841,0.001365704,0.001347172,0.001054448,0.000478705,0.001071401,0.003499542,0.003169321,0.00034789,0.000442074,0.002974744,0.006541929,0.002207217,0.004716227,6.44E-05,6.29E-07,0.001215993,0.001700255,0.00017001,0.000454629,0.001587291,0.000615538,0.000980321,0.00310444,3.35E-06,0.00389359,3.06E-05,0.000776101,0.001067154,0.000215204,0.002042029,0.000864951,2.81E-06,6.66E-05,0.000379656,3.62E-05,0.000861578,0.000423788,0.001605535,0.002591144,2.41E-05,0.000961275,0.002525744,8.80E-05,0.000822087,0.000382385
60,Souvik,RC062,flow,,,110500,1,400,25,7.4,160,160,59.456316,59.456316,27.423997,27.423997,27.423997,0.000696232,0.000362362,0.000884241,0.000565963,0.000195076,0.001372177,0,0.001304197,0,0.008096483,0.001051914,0.001640038,0.000964234,0.003037748,0.000266818,0.000539671,0.000458088,0,2.75E-05,0.000203723,8.43E-06,0.009852506,0.001225143,0.001212594,0.001324111,0,0.000847679,0.000998366,0,0.000204833,5.36E-05,0.000576534,0,0.001334826,0.000249775,0.000295682,0.000127215,0,0.00084362,0.003101179,0.000146215,0.001799892,0,0.006941615,0,0.001968921,0.003081773,0.008096943,0.000485967,0,0.003503014,0,0.00061818,6.47E-07,0.001974424,0.000119212,0.003039894,0.001520174,0.001636398,0.001577593,0.00123003,0.000274029,0.001269046,0.002959587,0.003812496,0.000403105,0.000260668,0.002491642,0.007710186,0.002663447,0.005611386,2.31E-05,0,0.001465337,0.002043911,0.000153316,0.000611609,0.001872683,0.000722421,0.00115398,0.00373939,1.33E-06,0.004596427,2.89E-05,0.000881367,0.001274674,0.000148609,0.002438211,0.000748096,2.46E-06,0.000111714,0.000442551,3.22E-05,0.000998726,0.00049773,0.001869435,0.003100275,2.19E-06,0.001141304,0.002972179,4.10E-05,0.000989412,0.000198186
61,Souvik,RC062,flow,,,114700,1,400,25,7.4,160,160,47.205604,47.205604,45.032267,45.032267,45.032267,0.001320915,0.000674483,0.000769798,0.000481554,0.000367011,0.002176328,0,0.001146732,1.83E-07,0.007048957,0.000730414,0.001374026,0.000698216,0.002265629,0.000201294,0.000381516,0.000326673,0,2.45E-05,0.000304707,1.85E-06,0.008598448,0.000850854,0.001789653,0.001255064,1.65E-07,0.000615515,0.000922544,0,0.000150452,3.26E-05,0.000504798,0,0.001159497,0.000240644,0.000201966,9.28E-05,0,0.000735239,0.002700497,0.000255827,0.00122698,0,0.005980656,0,0.001325222,0.002488734,0.007000804,0.000670467,0,0.003000505,0,0.000358469,5.04E-07,0.001709771,0.000238001,0.002616404,0.000884974,0.001414524,0.001356122,0.000980704,0.000480641,0.001103882,0.003760375,0.003269735,0.000250498,0.000438817,0.003235769,0.006620003,0.002311699,0.004805341,6.30E-05,1.94E-07,0.001232471,0.001755186,0.00015858,0.000359181,0.00162906,0.000570534,0.001008308,0.003204422,5.04E-06,0.003973668,4.95E-05,0.000696216,0.00111021,0.000209241,0.00209285,0.000694891,4.68E-06,7.28E-05,0.000386668,2.27E-05,0.00086588,0.00042551,0.001594888,0.002657798,1.67E-05,0.000984344,0.002511983,9.32E-05,0.0008327,0.000362263
62,Souvik,RC062,flow,,,118900,1,400,25,7.4,160,160,80.358887,80.358887,63.350269,63.350269,63.350269,0.002740401,0.001361569,0.000599205,0.000367322,0.000774458,0.003075056,0,0.000980271,0,0.005776644,0.000740062,0.001225494,0.000249797,0.000899077,3.27E-05,0.000353903,0.000309485,0,8.20E-07,0.000386205,2.15E-05,0.006669351,0.000762714,0.002270221,0.002221005,5.39E-07,0.000270293,0.001526164,0,1.60E-05,9.97E-05,0.000386806,0,0.00089504,0.000333028,0.000404509,6.94E-06,0,0.000549624,0.002227887,0.000408027,0.002548129,0,0.004721618,0,0.002617589,0.002831284,0.005387621,0.000883162,1.65E-07,0.002296272,1.51E-07,0.000429278,1.33E-06,0.001310806,0.000414398,0.002002954,0.001068298,0.001064957,0.001132144,0.001143822,0.000813394,0.000834508,0.00469248,0.002596118,0.000497591,0.000719478,0.00374162,0.005199588,0.001754432,0.003676307,0.000101335,1.59E-07,0.000949938,0.001337158,0.000254234,0.000444593,0.001229636,0.000664799,0.00076334,0.002509611,3.48E-06,0.003030649,2.38E-05,0.000819497,0.000830988,0.000267575,0.00161887,0.001273151,1.90E-06,5.20E-06,0.000321538,8.69E-05,0.000669835,0.000341433,0.001292545,0.002046016,0.00016065,0.000739392,0.001967149,0.000117749,0.000651092,0.00073233
63,Souvik,RC062,flow,,,123100,1,400,25,7.4,160,160,72.49885,72.49885,17.740074,17.740074,17.740074,0.000117798,5.18E-05,0.000635978,0.000392217,1.79E-05,0.000493107,0,0.001172123,2.76E-07,0.007098821,0.000855703,0.001297882,0.00081062,0.002237014,0.000208321,0.000525734,0.000410252,9.31E-08,5.35E-05,5.70E-05,4.06E-05,0.008655813,0.001048088,0.000345806,0.000741905,9.67E-08,0.000588429,0.000504397,0,0.000154226,5.56E-05,0.000500344,0,0.001035542,0.000158857,0.000202944,0.000103354,2.81E-07,0.00065143,0.002744423,3.91E-05,0.001239195,0,0.006136378,0,0.001280629,0.001785065,0.006890846,0.000137365,1.13E-07,0.00283112,1.50E-06,0.000322422,1.37E-06,0.001651812,1.34E-05,0.002463571,0.000743173,0.001321012,0.001379596,0.00070767,4.26E-05,0.000978116,0.00125125,0.00330808,0.000323086,5.49E-05,0.001167232,0.006631584,0.002110219,0.004625917,1.34E-05,1.49E-06,0.001125013,0.00161922,7.63E-05,0.000292094,0.001455805,0.000412379,0.000859343,0.003238035,2.38E-06,0.003782371,2.45E-05,0.00050686,0.000950726,3.07E-05,0.001853665,0.000409628,3.33E-06,8.80E-05,0.000317339,5.74E-05,0.000728404,0.00034162,0.001635471,0.002575423,4.81E-07,0.000881909,0.002307189,8.15E-06,0.000700966,1.59E-05
64,Souvik,RC062,flow,,,127300,1,400,25,7.4,160,160,45.455767,45.455767,32.907013,32.907013,32.907013,1.34E-05,1.49E-06,0.000844932,0.000492265,1.02E-06,0.001009386,0,0.00147308,0,0.009070984,0.000711635,0.001712283,0.001003962,0.00248506,0.000270707,0.000441415,0.000354343,0,2.53E-05,2.01E-05,1.77E-07,0.010769318,0.001258871,0.00036115,9.75E-05,0,0.000648362,0.000174519,0,0.00020156,0,0.000675117,0,0.001311734,3.90E-05,3.25E-06,0.000102693,0,0.000849045,0.003671845,5.75E-07,0.000253856,1.42E-07,0.007738903,0,0.000314501,0.001878015,0.009077764,0.000116057,0,0.003803427,0,2.08E-05,3.23E-07,0.002227559,0,0.003308458,0.000136316,0.001790716,0.001889331,0.00075744,3.88E-07,0.001271025,0.002919463,0.004447993,5.81E-06,7.79E-07,0.002700054,0.008915805,0.002745806,0.006051436,2.01E-07,4.27E-07,0.001517831,0.002190774,8.10E-06,3.90E-05,0.001920706,0.000430184,0.001081456,0.004417117,3.57E-05,0.004975253,0.000166752,0.000502296,0.001203706,2.56E-05,0.00237611,0.000176842,6.22E-06,6.88E-05,0.000428514,1.59E-07,0.000933881,0.000427369,0.002335054,0.003404847,1.98E-07,0.001189102,0.00309805,6.22E-06,0.000878692,7.03E-07
65,Souvik,RC062,flow,,,131500,1,400,25,7.4,160,160,93.274406,93.274406,30.358428,30.358428,30.358428,7.60E-05,8.86E-06,0.000717273,0.000400408,3.00E-06,0.000858693,0,0.001490733,0,0.008859221,0.001524251,0.001993613,0.000851556,0.002181397,0.000211319,0.000888666,0.000690975,0,1.03E-05,1.27E-05,4.58E-06,0.00996342,0.002057181,0.000375447,0.000730619,0,0.000640114,0.000622674,2.36E-07,0.000157269,1.20E-05,0.00061326,0,0.001157398,0.00011938,0.00028098,5.67E-05,3.66E-07,0.000739018,0.003623807,1.55E-05,0.001438325,0,0.007188153,0,0.001609147,0.003010135,0.008181239,0.000117572,0,0.003416562,0,0.000240656,6.56E-07,0.00200028,4.43E-07,0.002917293,0.000506097,0.001543478,0.001863587,0.001206263,3.64E-06,0.001084693,0.002882123,0.004254975,0.000391731,7.71E-06,0.002548842,0.007945151,0.002401736,0.005218452,1.43E-06,0,0.001379463,0.001891868,3.58E-05,0.000225544,0.001623106,0.000698551,0.000924964,0.004081362,4.88E-06,0.004435423,5.19E-05,0.000798951,0.001011512,1.93E-05,0.002105277,0.000439585,1.10E-06,3.57E-05,0.000415807,1.62E-05,0.00079048,0.000369552,0.002196648,0.003085357,0,0.001016062,0.00266857,5.61E-06,0.000787962,1.49E-06
66,Souvik,RC062,flow,,,135700,1,400,25,7.4,160,160,65.242231,65.242231,38.83347,38.83347,38.83347,0.000700607,0.000357933,0.000741844,0.000438685,0.000181908,0.001799741,0,0.001294046,0,0.007898559,0.000973069,0.001627123,0.000827033,0.002347493,0.000223765,0.000610446,0.000499775,0,1.26E-05,0.000157671,1.20E-05,0.009014514,0.001303279,0.000892154,0.0010043,2.16E-07,0.000663216,0.000769608,0,0.000166927,2.06E-05,0.000542824,0,0.001128829,0.000189957,0.000268092,7.81E-05,0,0.000721346,0.003182069,0.000155192,0.001442555,0,0.00639879,0,0.001538671,0.002691522,0.00755783,0.000364172,0,0.003189373,4.44E-07,0.00029342,7.51E-07,0.001824806,8.99E-05,0.002745925,0.000667783,0.001466646,0.001609319,0.001086639,0.000220535,0.001102488,0.003686485,0.003722645,0.00034115,0.000206642,0.00320288,0.007337913,0.002314091,0.004983726,9.74E-06,4.16E-07,0.001276288,0.001814092,0.000101469,0.00029272,0.001632673,0.000629983,0.00094032,0.00366789,4.51E-06,0.004185758,4.84E-05,0.000734493,0.001035746,9.92E-05,0.002051556,0.000574717,2.70E-06,6.53E-05,0.000403348,4.09E-05,0.000827059,0.000392241,0.001930194,0.002845232,0,0.000981984,0.002637656,2.54E-05,0.000787593,0.000219819
